1789497559.413163	configure	pid=4158 argv=/Users/davidliu/Documents/TradingAgents-AShare/.venv310/lib/python3.10/site-packages/pytest/__main__.py -q -p no:randomly -p dav990_probe tests/test_evidence_relations.py tests/test_evidence_summary.py tests/test_evidence_verifier_fairness.py tests/test_expectation_revision_contract.py tests/test_financial_announce_cutoff.py tests/test_financial_as_of.py tests/test_financial_period_compliance.py tests/test_financial_period_kind.py tests/test_frozen_trade_date_isolation.py tests/test_fund_flow_dispute_tie.py tests/test_fund_flow_evidence.py tests/test_fund_flow_lg_credibility.py tests/test_fund_flow_scale_collector.py tests/test_fund_flow_scale_consumption.py tests/test_fund_flow_scale_metrics.py tests/test_fundamentals_analyst.py tests/test_game_theory_integration.py::test_rt7_single_and_dual_horizon_isolation
1789497561.957472	START	tests/test_evidence_relations.py::test_valid_source_repetition_with_identical_canonical_id
1789497562.172367	FINISH	tests/test_evidence_relations.py::test_valid_source_repetition_with_identical_canonical_id
1789497562.172614	START	tests/test_evidence_relations.py::test_valid_derived_observation_explicit_caller_provided
1789497562.173800	FINISH	tests/test_evidence_relations.py::test_valid_derived_observation_explicit_caller_provided
1789497562.173984	START	tests/test_evidence_relations.py::test_valid_supports_relation_explicit_caller_provided
1789497562.174854	FINISH	tests/test_evidence_relations.py::test_valid_supports_relation_explicit_caller_provided
1789497562.175008	START	tests/test_evidence_relations.py::test_valid_refutes_relation_explicit_caller_provided
1789497562.175808	FINISH	tests/test_evidence_relations.py::test_valid_refutes_relation_explicit_caller_provided
1789497562.175948	START	tests/test_evidence_relations.py::test_idempotent_duplicate_edge_insertion
1789497562.176743	FINISH	tests/test_evidence_relations.py::test_idempotent_duplicate_edge_insertion
1789497562.176887	START	tests/test_evidence_relations.py::test_serialization_and_deserialization_roundtrip
1789497562.177864	FINISH	tests/test_evidence_relations.py::test_serialization_and_deserialization_roundtrip
1789497562.178016	START	tests/test_evidence_relations.py::test_reject_self_loop
1789497562.178768	FINISH	tests/test_evidence_relations.py::test_reject_self_loop
1789497562.178907	START	tests/test_evidence_relations.py::test_reject_dangling_reference_missing_target
1789497562.179597	FINISH	tests/test_evidence_relations.py::test_reject_dangling_reference_missing_target
1789497562.180192	START	tests/test_evidence_relations.py::test_reject_contradictory_relations_supports_and_refutes
1789497562.180834	FINISH	tests/test_evidence_relations.py::test_reject_contradictory_relations_supports_and_refutes
1789497562.180964	START	tests/test_evidence_relations.py::test_reject_cyclic_derived_observation
1789497562.181719	FINISH	tests/test_evidence_relations.py::test_reject_cyclic_derived_observation
1789497562.181840	START	tests/test_evidence_relations.py::test_reject_lookahead_violation_future_evidence
1789497562.182432	FINISH	tests/test_evidence_relations.py::test_reject_lookahead_violation_future_evidence
1789497562.182550	START	tests/test_evidence_relations.py::test_reject_unhashed_content_for_canonical_derivation
1789497562.183336	FINISH	tests/test_evidence_relations.py::test_reject_unhashed_content_for_canonical_derivation
1789497562.183468	START	tests/test_evidence_relations.py::test_strictly_forbid_collateral_canonical_event_id
1789497562.184150	FINISH	tests/test_evidence_relations.py::test_strictly_forbid_collateral_canonical_event_id
1789497562.184392	START	tests/test_evidence_relations.py::test_reject_auto_inference_from_similarity_or_verifier_status_or_soft_collateral
1789497562.185047	FINISH	tests/test_evidence_relations.py::test_reject_auto_inference_from_similarity_or_verifier_status_or_soft_collateral
1789497562.185166	START	tests/test_evidence_relations.py::test_reject_empty_or_non_string_endpoint_ids
1789497562.186491	FINISH	tests/test_evidence_relations.py::test_reject_empty_or_non_string_endpoint_ids
1789497562.186669	START	tests/test_evidence_relations.py::test_reject_unknown_relation_type_and_no_silent_upgrade
1789497562.187554	FINISH	tests/test_evidence_relations.py::test_reject_unknown_relation_type_and_no_silent_upgrade
1789497562.187677	START	tests/test_evidence_relations.py::test_metadata_deep_freeze_and_immutability
1789497562.188602	FINISH	tests/test_evidence_relations.py::test_metadata_deep_freeze_and_immutability
1789497562.188726	START	tests/test_evidence_relations.py::test_reject_metadata_nan_and_inf
1789497562.189395	FINISH	tests/test_evidence_relations.py::test_reject_metadata_nan_and_inf
1789497562.189527	START	tests/test_evidence_relations.py::test_canonical_source_repetition_builder_edge_cases
1789497562.190378	FINISH	tests/test_evidence_relations.py::test_canonical_source_repetition_builder_edge_cases
1789497562.190523	START	tests/test_evidence_relations.py::test_malformed_and_missing_and_future_dates_fail_closed
1789497562.191257	FINISH	tests/test_evidence_relations.py::test_malformed_and_missing_and_future_dates_fail_closed
1789497562.191380	START	tests/test_evidence_relations.py::test_duplicate_edge_deterministic_first_seen_metadata
1789497562.191975	FINISH	tests/test_evidence_relations.py::test_duplicate_edge_deterministic_first_seen_metadata
1789497562.192096	START	tests/test_evidence_relations.py::test_relation_is_unhashable_and_cannot_be_in_set
1789497562.192905	FINISH	tests/test_evidence_relations.py::test_relation_is_unhashable_and_cannot_be_in_set
1789497562.193051	START	tests/test_evidence_relations.py::test_frozen_metadata_can_be_reused_to_construct_new_relation
1789497562.193920	FINISH	tests/test_evidence_relations.py::test_frozen_metadata_can_be_reused_to_construct_new_relation
1789497562.194061	START	tests/test_evidence_relations.py::test_json_safety_rejections_survive_thaw_normalization
1789497562.194765	FINISH	tests/test_evidence_relations.py::test_json_safety_rejections_survive_thaw_normalization
1789497562.194888	START	tests/test_evidence_relations.py::test_datetime_baseline_fails_closed_not_raises
1789497562.195981	FINISH	tests/test_evidence_relations.py::test_datetime_baseline_fails_closed_not_raises
1789497562.196127	START	tests/test_evidence_relations.py::test_present_but_empty_timestamp_fails_closed_not_substituted
1789497562.196729	FINISH	tests/test_evidence_relations.py::test_present_but_empty_timestamp_fails_closed_not_substituted
1789497562.196995	START	tests/test_evidence_relations.py::test_timestamp_field_priority_and_semantics_are_explicit
1789497562.197670	FINISH	tests/test_evidence_relations.py::test_timestamp_field_priority_and_semantics_are_explicit
1789497562.197794	START	tests/test_evidence_relations.py::test_from_dict_non_mapping_top_level_raises_type_error[bad_input0]
1789497562.198617	FINISH	tests/test_evidence_relations.py::test_from_dict_non_mapping_top_level_raises_type_error[bad_input0]
1789497562.198757	START	tests/test_evidence_relations.py::test_from_dict_non_mapping_top_level_raises_type_error[bad]
1789497562.199394	FINISH	tests/test_evidence_relations.py::test_from_dict_non_mapping_top_level_raises_type_error[bad]
1789497562.199641	START	tests/test_evidence_relations.py::test_from_dict_non_mapping_top_level_raises_type_error[123]
1789497562.200291	FINISH	tests/test_evidence_relations.py::test_from_dict_non_mapping_top_level_raises_type_error[123]
1789497562.200433	START	tests/test_evidence_relations.py::test_from_dict_non_mapping_top_level_raises_type_error[True]
1789497562.201266	FINISH	tests/test_evidence_relations.py::test_from_dict_non_mapping_top_level_raises_type_error[True]
1789497562.201402	START	tests/test_evidence_relations.py::test_from_dict_non_mapping_top_level_raises_type_error[False]
1789497562.202007	FINISH	tests/test_evidence_relations.py::test_from_dict_non_mapping_top_level_raises_type_error[False]
1789497562.202133	START	tests/test_evidence_relations.py::test_from_dict_non_mapping_top_level_raises_type_error[bad_input5]
1789497562.202879	FINISH	tests/test_evidence_relations.py::test_from_dict_non_mapping_top_level_raises_type_error[bad_input5]
1789497562.203046	START	tests/test_evidence_relations.py::test_from_dict_non_mapping_top_level_raises_type_error[bad_input6]
1789497562.203807	FINISH	tests/test_evidence_relations.py::test_from_dict_non_mapping_top_level_raises_type_error[bad_input6]
1789497562.203947	START	tests/test_evidence_relations.py::test_from_dict_empty_or_none_mapping_preserves_empty_graph[None]
1789497562.204655	FINISH	tests/test_evidence_relations.py::test_from_dict_empty_or_none_mapping_preserves_empty_graph[None]
1789497562.204789	START	tests/test_evidence_relations.py::test_from_dict_empty_or_none_mapping_preserves_empty_graph[empty_mapping1]
1789497562.205543	FINISH	tests/test_evidence_relations.py::test_from_dict_empty_or_none_mapping_preserves_empty_graph[empty_mapping1]
1789497562.205668	START	tests/test_evidence_relations.py::test_from_dict_empty_or_none_mapping_preserves_empty_graph[empty_mapping2]
1789497562.206271	FINISH	tests/test_evidence_relations.py::test_from_dict_empty_or_none_mapping_preserves_empty_graph[empty_mapping2]
1789497562.206858	START	tests/test_evidence_relations.py::test_from_dict_empty_or_none_mapping_preserves_empty_graph[empty_mapping3]
1789497562.207477	FINISH	tests/test_evidence_relations.py::test_from_dict_empty_or_none_mapping_preserves_empty_graph[empty_mapping3]
1789497562.207617	START	tests/test_evidence_relations.py::test_from_dict_empty_or_none_mapping_preserves_empty_graph[empty_mapping4]
1789497562.208454	FINISH	tests/test_evidence_relations.py::test_from_dict_empty_or_none_mapping_preserves_empty_graph[empty_mapping4]
1789497562.208587	START	tests/test_evidence_relations.py::test_malformed_timestamp_strings_fail_closed_symmetrically[2026-09-08junk]
1789497562.209223	FINISH	tests/test_evidence_relations.py::test_malformed_timestamp_strings_fail_closed_symmetrically[2026-09-08junk]
1789497562.209468	START	tests/test_evidence_relations.py::test_malformed_timestamp_strings_fail_closed_symmetrically[2026-09-08T99:99:99]
1789497562.210121	FINISH	tests/test_evidence_relations.py::test_malformed_timestamp_strings_fail_closed_symmetrically[2026-09-08T99:99:99]
1789497562.210243	START	tests/test_evidence_relations.py::test_malformed_timestamp_strings_fail_closed_symmetrically[2026-99-99]
1789497562.211000	FINISH	tests/test_evidence_relations.py::test_malformed_timestamp_strings_fail_closed_symmetrically[2026-99-99]
1789497562.211141	START	tests/test_evidence_relations.py::test_malformed_timestamp_strings_fail_closed_symmetrically[2026-09-08 99:99:99]
1789497562.211865	FINISH	tests/test_evidence_relations.py::test_malformed_timestamp_strings_fail_closed_symmetrically[2026-09-08 99:99:99]
1789497562.211985	START	tests/test_evidence_relations.py::test_malformed_timestamp_strings_fail_closed_symmetrically[2026-09-08T]
1789497562.212752	FINISH	tests/test_evidence_relations.py::test_malformed_timestamp_strings_fail_closed_symmetrically[2026-09-08T]
1789497562.212893	START	tests/test_evidence_relations.py::test_malformed_timestamp_strings_fail_closed_symmetrically[2026-09-08-extra]
1789497562.213669	FINISH	tests/test_evidence_relations.py::test_malformed_timestamp_strings_fail_closed_symmetrically[2026-09-08-extra]
1789497562.213805	START	tests/test_evidence_relations.py::test_malformed_timestamp_strings_fail_closed_symmetrically[invalid]
1789497562.214453	FINISH	tests/test_evidence_relations.py::test_malformed_timestamp_strings_fail_closed_symmetrically[invalid]
1789497562.214585	START	tests/test_evidence_relations.py::test_malformed_timestamp_strings_fail_closed_symmetrically[]
1789497562.215418	FINISH	tests/test_evidence_relations.py::test_malformed_timestamp_strings_fail_closed_symmetrically[]
1789497562.215545	START	tests/test_evidence_relations.py::test_malformed_timestamp_strings_fail_closed_symmetrically[   ]
1789497562.216272	FINISH	tests/test_evidence_relations.py::test_malformed_timestamp_strings_fail_closed_symmetrically[   ]
1789497562.216404	START	tests/test_evidence_relations.py::test_valid_iso_date_and_datetime_strings_accepted_symmetrically[2026-09-08-expected_date0]
1789497562.217100	FINISH	tests/test_evidence_relations.py::test_valid_iso_date_and_datetime_strings_accepted_symmetrically[2026-09-08-expected_date0]
1789497562.217223	START	tests/test_evidence_relations.py::test_valid_iso_date_and_datetime_strings_accepted_symmetrically[2026-09-08T12:34:56-expected_date1]
1789497562.218048	FINISH	tests/test_evidence_relations.py::test_valid_iso_date_and_datetime_strings_accepted_symmetrically[2026-09-08T12:34:56-expected_date1]
1789497562.218176	START	tests/test_evidence_relations.py::test_valid_iso_date_and_datetime_strings_accepted_symmetrically[2026-09-08T12:34:56Z-expected_date2]
1789497562.219060	FINISH	tests/test_evidence_relations.py::test_valid_iso_date_and_datetime_strings_accepted_symmetrically[2026-09-08T12:34:56Z-expected_date2]
1789497562.219203	START	tests/test_evidence_relations.py::test_valid_iso_date_and_datetime_strings_accepted_symmetrically[2026-09-08T12:34:56+00:00-expected_date3]
1789497562.219875	FINISH	tests/test_evidence_relations.py::test_valid_iso_date_and_datetime_strings_accepted_symmetrically[2026-09-08T12:34:56+00:00-expected_date3]
1789497562.220015	START	tests/test_evidence_relations.py::test_valid_iso_date_and_datetime_strings_accepted_symmetrically[2026-09-08T12:34:56+08:00-expected_date4]
1789497562.220821	FINISH	tests/test_evidence_relations.py::test_valid_iso_date_and_datetime_strings_accepted_symmetrically[2026-09-08T12:34:56+08:00-expected_date4]
1789497562.220945	START	tests/test_evidence_relations.py::test_valid_iso_date_and_datetime_strings_accepted_symmetrically[2026-09-08 12:34:56-expected_date5]
1789497562.222063	FINISH	tests/test_evidence_relations.py::test_valid_iso_date_and_datetime_strings_accepted_symmetrically[2026-09-08 12:34:56-expected_date5]
1789497562.222202	START	tests/test_evidence_relations.py::test_valid_iso_date_and_datetime_strings_accepted_symmetrically[2026-09-08 12:34:56.123456-expected_date6]
1789497562.222956	FINISH	tests/test_evidence_relations.py::test_valid_iso_date_and_datetime_strings_accepted_symmetrically[2026-09-08 12:34:56.123456-expected_date6]
1789497562.223095	START	tests/test_evidence_relations.py::test_valid_iso_date_and_datetime_strings_accepted_symmetrically[2026-09-08T12:34:56.123456Z-expected_date7]
1789497562.223918	FINISH	tests/test_evidence_relations.py::test_valid_iso_date_and_datetime_strings_accepted_symmetrically[2026-09-08T12:34:56.123456Z-expected_date7]
1789497562.224048	START	tests/test_evidence_relations.py::test_detect_relation_cycles_empty_target_types_detects_zero_cycles[empty_target_types0]
1789497562.224815	FINISH	tests/test_evidence_relations.py::test_detect_relation_cycles_empty_target_types_detects_zero_cycles[empty_target_types0]
1789497562.224961	START	tests/test_evidence_relations.py::test_detect_relation_cycles_empty_target_types_detects_zero_cycles[empty_target_types1]
1789497562.225603	FINISH	tests/test_evidence_relations.py::test_detect_relation_cycles_empty_target_types_detects_zero_cycles[empty_target_types1]
1789497562.225743	START	tests/test_evidence_relations.py::test_detect_relation_cycles_empty_target_types_detects_zero_cycles[empty_target_types2]
1789497562.226577	FINISH	tests/test_evidence_relations.py::test_detect_relation_cycles_empty_target_types_detects_zero_cycles[empty_target_types2]
1789497562.226698	START	tests/test_evidence_relations.py::test_detect_relation_cycles_empty_target_types_detects_zero_cycles[empty_target_types3]
1789497562.227320	FINISH	tests/test_evidence_relations.py::test_detect_relation_cycles_empty_target_types_detects_zero_cycles[empty_target_types3]
1789497562.227578	START	tests/test_evidence_relations.py::test_deep_thaw_mapping_supports_list_and_tuple_nested_mappingproxy[<lambda>0]
1789497562.228275	FINISH	tests/test_evidence_relations.py::test_deep_thaw_mapping_supports_list_and_tuple_nested_mappingproxy[<lambda>0]
1789497562.228396	START	tests/test_evidence_relations.py::test_deep_thaw_mapping_supports_list_and_tuple_nested_mappingproxy[<lambda>1]
1789497562.229221	FINISH	tests/test_evidence_relations.py::test_deep_thaw_mapping_supports_list_and_tuple_nested_mappingproxy[<lambda>1]
1789497562.229378	START	tests/test_evidence_relations.py::test_deep_thaw_mapping_supports_list_and_tuple_nested_mappingproxy[<lambda>2]
1789497562.230529	FINISH	tests/test_evidence_relations.py::test_deep_thaw_mapping_supports_list_and_tuple_nested_mappingproxy[<lambda>2]
1789497562.230649	START	tests/test_evidence_relations.py::test_deep_thaw_mapping_supports_list_and_tuple_nested_mappingproxy[<lambda>3]
1789497562.231319	FINISH	tests/test_evidence_relations.py::test_deep_thaw_mapping_supports_list_and_tuple_nested_mappingproxy[<lambda>3]
1789497562.231433	START	tests/test_evidence_relations.py::test_deep_thaw_mapping_supports_list_and_tuple_nested_mappingproxy[<lambda>4]
1789497562.232582	FINISH	tests/test_evidence_relations.py::test_deep_thaw_mapping_supports_list_and_tuple_nested_mappingproxy[<lambda>4]
1789497562.232706	START	tests/test_evidence_relations.py::test_deep_thaw_mapping_supports_list_and_tuple_nested_mappingproxy[<lambda>5]
1789497562.233536	FINISH	tests/test_evidence_relations.py::test_deep_thaw_mapping_supports_list_and_tuple_nested_mappingproxy[<lambda>5]
1789497562.233659	START	tests/test_evidence_relations.py::test_deep_thaw_mapping_still_rejects_nan_inf_and_unserializable[bad_nested_meta0-ValueError]
1789497562.234401	FINISH	tests/test_evidence_relations.py::test_deep_thaw_mapping_still_rejects_nan_inf_and_unserializable[bad_nested_meta0-ValueError]
1789497562.234980	START	tests/test_evidence_relations.py::test_deep_thaw_mapping_still_rejects_nan_inf_and_unserializable[bad_nested_meta1-ValueError]
1789497562.235678	FINISH	tests/test_evidence_relations.py::test_deep_thaw_mapping_still_rejects_nan_inf_and_unserializable[bad_nested_meta1-ValueError]
1789497562.235813	START	tests/test_evidence_relations.py::test_deep_thaw_mapping_still_rejects_nan_inf_and_unserializable[bad_nested_meta2-ValueError]
1789497562.236623	FINISH	tests/test_evidence_relations.py::test_deep_thaw_mapping_still_rejects_nan_inf_and_unserializable[bad_nested_meta2-ValueError]
1789497562.236761	START	tests/test_evidence_relations.py::test_deep_thaw_mapping_still_rejects_nan_inf_and_unserializable[bad_nested_meta3-ValueError]
1789497562.237431	FINISH	tests/test_evidence_relations.py::test_deep_thaw_mapping_still_rejects_nan_inf_and_unserializable[bad_nested_meta3-ValueError]
1789497562.237547	START	tests/test_evidence_relations.py::test_deep_thaw_mapping_still_rejects_nan_inf_and_unserializable[bad_nested_meta4-TypeError]
1789497562.238394	FINISH	tests/test_evidence_relations.py::test_deep_thaw_mapping_still_rejects_nan_inf_and_unserializable[bad_nested_meta4-TypeError]
1789497562.238520	START	tests/test_evidence_relations.py::test_deep_thaw_mapping_still_rejects_nan_inf_and_unserializable[bad_nested_meta5-TypeError]
1789497562.239344	FINISH	tests/test_evidence_relations.py::test_deep_thaw_mapping_still_rejects_nan_inf_and_unserializable[bad_nested_meta5-TypeError]
1789497562.239475	START	tests/test_evidence_relations.py::test_deep_thaw_mapping_still_rejects_nan_inf_and_unserializable[bad_nested_meta6-TypeError]
1789497562.240137	FINISH	tests/test_evidence_relations.py::test_deep_thaw_mapping_still_rejects_nan_inf_and_unserializable[bad_nested_meta6-TypeError]
1789497562.240253	START	tests/test_evidence_relations.py::test_build_canonical_source_repetition_rejects_non_string_ids[malformed_id0]
1789497562.240990	FINISH	tests/test_evidence_relations.py::test_build_canonical_source_repetition_rejects_non_string_ids[malformed_id0]
1789497562.241123	START	tests/test_evidence_relations.py::test_build_canonical_source_repetition_rejects_non_string_ids[malformed_id1]
1789497562.241943	FINISH	tests/test_evidence_relations.py::test_build_canonical_source_repetition_rejects_non_string_ids[malformed_id1]
1789497562.242062	START	tests/test_evidence_relations.py::test_build_canonical_source_repetition_rejects_non_string_ids[True]
1789497562.242665	FINISH	tests/test_evidence_relations.py::test_build_canonical_source_repetition_rejects_non_string_ids[True]
1789497562.242797	START	tests/test_evidence_relations.py::test_build_canonical_source_repetition_rejects_non_string_ids[False]
1789497562.243592	FINISH	tests/test_evidence_relations.py::test_build_canonical_source_repetition_rejects_non_string_ids[False]
1789497562.243733	START	tests/test_evidence_relations.py::test_build_canonical_source_repetition_rejects_non_string_ids[12345]
1789497562.244342	FINISH	tests/test_evidence_relations.py::test_build_canonical_source_repetition_rejects_non_string_ids[12345]
1789497562.244610	START	tests/test_evidence_relations.py::test_build_canonical_source_repetition_rejects_non_string_ids[3.14159]
1789497562.245299	FINISH	tests/test_evidence_relations.py::test_build_canonical_source_repetition_rejects_non_string_ids[3.14159]
1789497562.245437	START	tests/test_evidence_relations.py::test_build_canonical_source_repetition_valid_strings_behavior_preserved
1789497562.246159	FINISH	tests/test_evidence_relations.py::test_build_canonical_source_repetition_valid_strings_behavior_preserved
1789497562.246319	START	tests/test_evidence_summary.py::test_empty_report_returns_empty_string
1789497562.246881	FINISH	tests/test_evidence_summary.py::test_empty_report_returns_empty_string
1789497562.247022	START	tests/test_evidence_summary.py::test_direction_extracted_from_verdict_block
1789497562.247818	FINISH	tests/test_evidence_summary.py::test_direction_extracted_from_verdict_block
1789497562.247945	START	tests/test_evidence_summary.py::test_direction_missing_when_no_verdict
1789497562.249127	FINISH	tests/test_evidence_summary.py::test_direction_missing_when_no_verdict
1789497562.249267	START	tests/test_evidence_summary.py::test_strip_machine_blocks_removes_protocol_blocks
1789497562.250444	FINISH	tests/test_evidence_summary.py::test_strip_machine_blocks_removes_protocol_blocks
1789497562.250564	START	tests/test_evidence_summary.py::test_summary_keeps_numbers_and_drops_boilerplate
1789497562.251205	FINISH	tests/test_evidence_summary.py::test_summary_keeps_numbers_and_drops_boilerplate
1789497562.251327	START	tests/test_evidence_summary.py::test_markdown_table_rows_are_flattened
1789497562.252099	FINISH	tests/test_evidence_summary.py::test_markdown_table_rows_are_flattened
1789497562.252226	START	tests/test_evidence_summary.py::test_summary_respects_char_cap
1789497562.253085	FINISH	tests/test_evidence_summary.py::test_summary_respects_char_cap
1789497562.253227	START	tests/test_evidence_summary.py::test_fallback_excerpt_for_numberless_report
1789497562.253855	FINISH	tests/test_evidence_summary.py::test_fallback_excerpt_for_numberless_report
1789497562.253977	START	tests/test_evidence_summary.py::test_duplicate_lines_deduped
1789497562.255079	FINISH	tests/test_evidence_summary.py::test_duplicate_lines_deduped
1789497562.255201	START	tests/test_evidence_summary.py::test_seven_source_summary_fixed_order_and_labels
1789497562.256234	FINISH	tests/test_evidence_summary.py::test_seven_source_summary_fixed_order_and_labels
1789497562.256357	START	tests/test_evidence_summary.py::test_seven_source_summary_individual_hard_caps
1789497562.258134	FINISH	tests/test_evidence_summary.py::test_seven_source_summary_individual_hard_caps
1789497562.258280	START	tests/test_evidence_summary.py::test_seven_source_summary_total_hard_cap_2400
1789497562.260337	FINISH	tests/test_evidence_summary.py::test_seven_source_summary_total_hard_cap_2400
1789497562.260472	START	tests/test_evidence_summary.py::test_seven_source_summary_deterministic_and_no_llm
1789497562.263086	FINISH	tests/test_evidence_summary.py::test_seven_source_summary_deterministic_and_no_llm
1789497562.263208	START	tests/test_evidence_summary.py::test_seven_source_summary_machine_blocks_stripped
1789497562.264037	FINISH	tests/test_evidence_summary.py::test_seven_source_summary_machine_blocks_stripped
1789497562.264178	START	tests/test_evidence_summary.py::test_seven_source_summary_preserves_numbers_zeros_negatives_percentages_dates
1789497562.265026	FINISH	tests/test_evidence_summary.py::test_seven_source_summary_preserves_numbers_zeros_negatives_percentages_dates
1789497562.265152	START	tests/test_evidence_summary.py::test_seven_source_summary_missing_and_failed_sources
1789497562.265838	FINISH	tests/test_evidence_summary.py::test_seven_source_summary_missing_and_failed_sources
1789497562.265974	START	tests/test_evidence_summary.py::test_seven_source_bundle_and_summary_consistency
1789497562.267301	FINISH	tests/test_evidence_summary.py::test_seven_source_bundle_and_summary_consistency
1789497562.267458	START	tests/test_evidence_verifier_fairness.py::test_golden_dataset_exists_and_valid
1789497562.382886	FINISH	tests/test_evidence_verifier_fairness.py::test_golden_dataset_exists_and_valid
1789497562.384665	START	tests/test_evidence_verifier_fairness.py::test_golden_evidence_sentence_verdicts[CASE-001_000333_INV-4]
1789497562.454571	FINISH	tests/test_evidence_verifier_fairness.py::test_golden_evidence_sentence_verdicts[CASE-001_000333_INV-4]
1789497562.454777	START	tests/test_evidence_verifier_fairness.py::test_golden_evidence_sentence_verdicts[CASE-002_000333_INV-4]
1789497562.508470	FINISH	tests/test_evidence_verifier_fairness.py::test_golden_evidence_sentence_verdicts[CASE-002_000333_INV-4]
1789497562.508640	START	tests/test_evidence_verifier_fairness.py::test_golden_evidence_sentence_verdicts[CASE-003_000333_INV-5]
1789497562.553478	FINISH	tests/test_evidence_verifier_fairness.py::test_golden_evidence_sentence_verdicts[CASE-003_000333_INV-5]
1789497562.553624	START	tests/test_evidence_verifier_fairness.py::test_golden_evidence_sentence_verdicts[CASE-004_000333_INV-6]
1789497562.623057	FINISH	tests/test_evidence_verifier_fairness.py::test_golden_evidence_sentence_verdicts[CASE-004_000333_INV-6]
1789497562.623349	START	tests/test_evidence_verifier_fairness.py::test_golden_evidence_sentence_verdicts[CASE-005_000333_INV-7]
1789497562.668979	FINISH	tests/test_evidence_verifier_fairness.py::test_golden_evidence_sentence_verdicts[CASE-005_000333_INV-7]
1789497562.669135	START	tests/test_evidence_verifier_fairness.py::test_golden_evidence_sentence_verdicts[CASE-006_000333_INV-7]
1789497562.717801	FINISH	tests/test_evidence_verifier_fairness.py::test_golden_evidence_sentence_verdicts[CASE-006_000333_INV-7]
1789497562.717936	START	tests/test_evidence_verifier_fairness.py::test_golden_evidence_sentence_verdicts[CASE-007_000333_INV-8]
1789497562.770882	FINISH	tests/test_evidence_verifier_fairness.py::test_golden_evidence_sentence_verdicts[CASE-007_000333_INV-8]
1789497562.771041	START	tests/test_evidence_verifier_fairness.py::test_golden_evidence_sentence_verdicts[CASE-008_000333_INV-11]
1789497562.816350	FINISH	tests/test_evidence_verifier_fairness.py::test_golden_evidence_sentence_verdicts[CASE-008_000333_INV-11]
1789497562.816948	START	tests/test_evidence_verifier_fairness.py::test_golden_evidence_sentence_verdicts[CASE-009_000333_INV-12]
1789497562.869009	FINISH	tests/test_evidence_verifier_fairness.py::test_golden_evidence_sentence_verdicts[CASE-009_000333_INV-12]
1789497562.869151	START	tests/test_evidence_verifier_fairness.py::test_golden_evidence_sentence_verdicts[CASE-010_600900_INV-4]
1789497562.879222	FINISH	tests/test_evidence_verifier_fairness.py::test_golden_evidence_sentence_verdicts[CASE-010_600900_INV-4]
1789497562.879369	START	tests/test_evidence_verifier_fairness.py::test_golden_evidence_sentence_verdicts[CASE-011_600900_INV-10]
1789497562.882593	FINISH	tests/test_evidence_verifier_fairness.py::test_golden_evidence_sentence_verdicts[CASE-011_600900_INV-10]
1789497562.882741	START	tests/test_evidence_verifier_fairness.py::test_golden_evidence_sentence_verdicts[CASE-012_600276_INV-1]
1789497562.925639	FINISH	tests/test_evidence_verifier_fairness.py::test_golden_evidence_sentence_verdicts[CASE-012_600276_INV-1]
1789497562.925793	START	tests/test_evidence_verifier_fairness.py::test_golden_evidence_sentence_verdicts[CASE-013_600276_INV-5]
1789497562.962948	FINISH	tests/test_evidence_verifier_fairness.py::test_golden_evidence_sentence_verdicts[CASE-013_600276_INV-5]
1789497562.963095	START	tests/test_evidence_verifier_fairness.py::test_golden_evidence_sentence_verdicts[CASE-014_600276_INV-7]
1789497563.007266	FINISH	tests/test_evidence_verifier_fairness.py::test_golden_evidence_sentence_verdicts[CASE-014_600276_INV-7]
1789497563.007468	START	tests/test_evidence_verifier_fairness.py::test_golden_evidence_sentence_verdicts[CASE-015_600276_INV-9]
1789497563.065818	FINISH	tests/test_evidence_verifier_fairness.py::test_golden_evidence_sentence_verdicts[CASE-015_600276_INV-9]
1789497563.065965	START	tests/test_evidence_verifier_fairness.py::test_golden_evidence_sentence_verdicts[CASE-016_600276_NEG-1]
1789497563.127902	FINISH	tests/test_evidence_verifier_fairness.py::test_golden_evidence_sentence_verdicts[CASE-016_600276_NEG-1]
1789497563.128055	START	tests/test_evidence_verifier_fairness.py::test_golden_evidence_sentence_verdicts[CASE-017_000333_NEG-2]
1789497563.192278	FINISH	tests/test_evidence_verifier_fairness.py::test_golden_evidence_sentence_verdicts[CASE-017_000333_NEG-2]
1789497563.192426	START	tests/test_evidence_verifier_fairness.py::test_golden_evidence_sentence_verdicts[CASE-018_000333_NEG-3]
1789497563.254386	FINISH	tests/test_evidence_verifier_fairness.py::test_golden_evidence_sentence_verdicts[CASE-018_000333_NEG-3]
1789497563.254541	START	tests/test_evidence_verifier_fairness.py::test_negative_case_coincidental_number_without_keyword_rejected
1789497563.255953	FINISH	tests/test_evidence_verifier_fairness.py::test_negative_case_coincidental_number_without_keyword_rejected
1789497563.256107	START	tests/test_evidence_verifier_fairness.py::test_negative_case_nonexistent_derived_number_rejected
1789497563.257303	FINISH	tests/test_evidence_verifier_fairness.py::test_negative_case_nonexistent_derived_number_rejected
1789497563.257447	START	tests/test_evidence_verifier_fairness.py::test_debate_state_prompt_templates_symmetry
1789497563.258361	FINISH	tests/test_evidence_verifier_fairness.py::test_debate_state_prompt_templates_symmetry
1789497563.258504	START	tests/test_evidence_verifier_fairness.py::test_reproduce_inv6_pseudo_contradiction_falsified_as_unsupported
1789497563.260160	FINISH	tests/test_evidence_verifier_fairness.py::test_reproduce_inv6_pseudo_contradiction_falsified_as_unsupported
1789497563.260305	START	tests/test_evidence_verifier_fairness.py::test_same_line_multi_metric_no_cross_binding_verified
1789497563.261647	FINISH	tests/test_evidence_verifier_fairness.py::test_same_line_multi_metric_no_cross_binding_verified
1789497563.261803	START	tests/test_evidence_verifier_fairness.py::test_same_line_multi_metric_cross_value_negative_not_verified
1789497563.263158	FINISH	tests/test_evidence_verifier_fairness.py::test_same_line_multi_metric_cross_value_negative_not_verified
1789497563.263300	START	tests/test_evidence_verifier_fairness.py::test_compound_sentence_atomic_evidence_splitting
1789497563.264493	FINISH	tests/test_evidence_verifier_fairness.py::test_compound_sentence_atomic_evidence_splitting
1789497563.264622	START	tests/test_evidence_verifier_fairness.py::test_percentage_conflict_requires_same_metric_unit_period
1789497563.265426	FINISH	tests/test_evidence_verifier_fairness.py::test_percentage_conflict_requires_same_metric_unit_period
1789497563.265559	START	tests/test_evidence_verifier_fairness.py::test_true_conflict_positive_case
1789497563.266471	FINISH	tests/test_evidence_verifier_fairness.py::test_true_conflict_positive_case
1789497563.266617	START	tests/test_evidence_verifier_fairness.py::test_e03c_adopt_partial_reject_exact_coverage_boundaries
1789497563.267534	FINISH	tests/test_evidence_verifier_fairness.py::test_e03c_adopt_partial_reject_exact_coverage_boundaries
1789497563.267661	START	tests/test_evidence_verifier_fairness.py::test_e03c_pit_anti_lookahead_date_failure
1789497563.268596	FINISH	tests/test_evidence_verifier_fairness.py::test_e03c_pit_anti_lookahead_date_failure
1789497563.268737	START	tests/test_evidence_verifier_fairness.py::test_e03c_source_unavailable_provider_failure
1789497563.269376	FINISH	tests/test_evidence_verifier_fairness.py::test_e03c_source_unavailable_provider_failure
1789497563.269510	START	tests/test_evidence_verifier_fairness.py::test_e03c_valid_zero_and_decimal_zero_matching
1789497563.270996	FINISH	tests/test_evidence_verifier_fairness.py::test_e03c_valid_zero_and_decimal_zero_matching
1789497563.271127	START	tests/test_evidence_verifier_fairness.py::test_e03c_observation_and_hypothesis_never_upgraded_to_adopt
1789497563.271990	FINISH	tests/test_evidence_verifier_fairness.py::test_e03c_observation_and_hypothesis_never_upgraded_to_adopt
1789497563.272133	START	tests/test_evidence_verifier_fairness.py::test_e03c_preserves_raw_evidence_source_and_state_change_reasons
1789497563.272866	FINISH	tests/test_evidence_verifier_fairness.py::test_e03c_preserves_raw_evidence_source_and_state_change_reasons
1789497563.273027	START	tests/test_expectation_revision_contract.py::test_case_1_news_only_title_url_or_pdf_hash_no_actual_numbers
1789497563.273702	FINISH	tests/test_expectation_revision_contract.py::test_case_1_news_only_title_url_or_pdf_hash_no_actual_numbers
1789497563.273835	START	tests/test_expectation_revision_contract.py::test_case_1_fundamentals_incomplete_elements_cannot_generate_actual_value
1789497563.274542	FINISH	tests/test_expectation_revision_contract.py::test_case_1_fundamentals_incomplete_elements_cannot_generate_actual_value
1789497563.274665	START	tests/test_expectation_revision_contract.py::test_case_1_validator_rejects_actual_numbers_when_text_not_obtained
1789497563.275926	FINISH	tests/test_expectation_revision_contract.py::test_case_1_validator_rejects_actual_numbers_when_text_not_obtained
1789497563.276067	START	tests/test_expectation_revision_contract.py::test_case_2_traceable_publication_with_unobtained_content_leaves_actual_baseline_revision_as_gap
1789497563.276740	FINISH	tests/test_expectation_revision_contract.py::test_case_2_traceable_publication_with_unobtained_content_leaves_actual_baseline_revision_as_gap
1789497563.277332	START	tests/test_expectation_revision_contract.py::test_case_3_financial_actual_period_mismatch_with_forecast_cannot_substitute
1789497563.277941	FINISH	tests/test_expectation_revision_contract.py::test_case_3_financial_actual_period_mismatch_with_forecast_cannot_substitute
1789497563.278061	START	tests/test_expectation_revision_contract.py::test_case_3_validator_rejects_numeric_revision_with_period_mismatch
1789497563.278809	FINISH	tests/test_expectation_revision_contract.py::test_case_3_validator_rejects_numeric_revision_with_period_mismatch
1789497563.278960	START	tests/test_expectation_revision_contract.py::test_case_4_missing_baseline_revision_cannot_have_numeric_delta_or_percent
1789497563.279630	FINISH	tests/test_expectation_revision_contract.py::test_case_4_missing_baseline_revision_cannot_have_numeric_delta_or_percent
1789497563.279757	START	tests/test_expectation_revision_contract.py::test_case_4_validator_rejects_numeric_delta_or_percent_without_baseline
1789497563.280496	FINISH	tests/test_expectation_revision_contract.py::test_case_4_validator_rejects_numeric_delta_or_percent_without_baseline
1789497563.280632	START	tests/test_expectation_revision_contract.py::test_case_5_distinguishable_baseline_types_and_source_requirement
1789497563.281472	FINISH	tests/test_expectation_revision_contract.py::test_case_5_distinguishable_baseline_types_and_source_requirement
1789497563.281608	START	tests/test_expectation_revision_contract.py::test_case_5_builder_drops_baseline_without_source_to_none_with_gap
1789497563.282186	FINISH	tests/test_expectation_revision_contract.py::test_case_5_builder_drops_baseline_without_source_to_none_with_gap
1789497563.282307	START	tests/test_expectation_revision_contract.py::test_case_6_actual_and_baseline_incompatible_fields_prohibit_numeric_revision[unit-actual_mod0-baseline_mod0-unit_mismatch]
1789497563.283279	FINISH	tests/test_expectation_revision_contract.py::test_case_6_actual_and_baseline_incompatible_fields_prohibit_numeric_revision[unit-actual_mod0-baseline_mod0-unit_mismatch]
1789497563.283420	START	tests/test_expectation_revision_contract.py::test_case_6_actual_and_baseline_incompatible_fields_prohibit_numeric_revision[unit_unconverted-actual_mod1-baseline_mod1-unit_mismatch]
1789497563.284654	FINISH	tests/test_expectation_revision_contract.py::test_case_6_actual_and_baseline_incompatible_fields_prohibit_numeric_revision[unit_unconverted-actual_mod1-baseline_mod1-unit_mismatch]
1789497563.284808	START	tests/test_expectation_revision_contract.py::test_case_6_actual_and_baseline_incompatible_fields_prohibit_numeric_revision[metric-actual_mod2-baseline_mod2-metric_mismatch]
1789497563.285565	FINISH	tests/test_expectation_revision_contract.py::test_case_6_actual_and_baseline_incompatible_fields_prohibit_numeric_revision[metric-actual_mod2-baseline_mod2-metric_mismatch]
1789497563.285829	START	tests/test_expectation_revision_contract.py::test_case_6_actual_and_baseline_incompatible_fields_prohibit_numeric_revision[report_period-actual_mod3-baseline_mod3-period_mismatch]
1789497563.286582	FINISH	tests/test_expectation_revision_contract.py::test_case_6_actual_and_baseline_incompatible_fields_prohibit_numeric_revision[report_period-actual_mod3-baseline_mod3-period_mismatch]
1789497563.286722	START	tests/test_expectation_revision_contract.py::test_case_6_validator_rejects_numeric_revision_on_unit_or_metric_mismatch
1789497563.287545	FINISH	tests/test_expectation_revision_contract.py::test_case_6_validator_rejects_numeric_revision_on_unit_or_metric_mismatch
1789497563.287688	START	tests/test_expectation_revision_contract.py::test_case_7_beat_or_miss_only_valid_when_comparable_baseline_exists
1789497563.288260	FINISH	tests/test_expectation_revision_contract.py::test_case_7_beat_or_miss_only_valid_when_comparable_baseline_exists
1789497563.288818	START	tests/test_expectation_revision_contract.py::test_case_7_manager_consumption_catches_unsubstantiated_beat_miss
1789497563.290682	FINISH	tests/test_expectation_revision_contract.py::test_case_7_manager_consumption_catches_unsubstantiated_beat_miss
1789497563.290811	START	tests/test_expectation_revision_contract.py::test_case_8_priced_in_must_be_unknown_without_traceable_evidence
1789497563.291882	FINISH	tests/test_expectation_revision_contract.py::test_case_8_priced_in_must_be_unknown_without_traceable_evidence
1789497563.292023	START	tests/test_expectation_revision_contract.py::test_case_9_double_count_guard_prevents_duplicate_voting
1789497563.292691	FINISH	tests/test_expectation_revision_contract.py::test_case_9_double_count_guard_prevents_duplicate_voting
1789497563.292829	START	tests/test_expectation_revision_contract.py::test_case_10_future_date_enters_gap
1789497563.293600	FINISH	tests/test_expectation_revision_contract.py::test_case_10_future_date_enters_gap
1789497563.293745	START	tests/test_expectation_revision_contract.py::test_case_10_unparseable_date_enters_gap
1789497563.296673	FINISH	tests/test_expectation_revision_contract.py::test_case_10_unparseable_date_enters_gap
1789497563.296809	START	tests/test_expectation_revision_contract.py::test_case_10_provider_failure_enters_gap
1789497563.297576	FINISH	tests/test_expectation_revision_contract.py::test_case_10_provider_failure_enters_gap
1789497563.297714	START	tests/test_expectation_revision_contract.py::test_case_10_content_unavailable_enters_gap
1789497563.298424	FINISH	tests/test_expectation_revision_contract.py::test_case_10_content_unavailable_enters_gap
1789497563.298549	START	tests/test_expectation_revision_contract.py::test_case_11_research_manager_structured_consumption_and_readback_consistency
1789497563.300939	FINISH	tests/test_expectation_revision_contract.py::test_case_11_research_manager_structured_consumption_and_readback_consistency
1789497563.301078	START	tests/test_expectation_revision_contract.py::test_case_12_json_safety_and_langgraph_trace_preservation
1789497563.301877	FINISH	tests/test_expectation_revision_contract.py::test_case_12_json_safety_and_langgraph_trace_preservation
1789497563.302012	START	tests/test_expectation_revision_contract.py::test_case_12_prompt_guard_invariants_preserved_zh_and_en
1789497563.303187	FINISH	tests/test_expectation_revision_contract.py::test_case_12_prompt_guard_invariants_preserved_zh_and_en
1789497563.303316	START	tests/test_expectation_revision_contract.py::test_negative_announcement_title_url_pdf_filename_cannot_generate_actual
1789497563.303986	FINISH	tests/test_expectation_revision_contract.py::test_negative_announcement_title_url_pdf_filename_cannot_generate_actual
1789497563.304135	START	tests/test_expectation_revision_contract.py::test_negative_missing_as_of_or_future_as_of_cannot_generate_actual_or_numeric
1789497563.305057	FINISH	tests/test_expectation_revision_contract.py::test_negative_missing_as_of_or_future_as_of_cannot_generate_actual_or_numeric
1789497563.305194	START	tests/test_expectation_revision_contract.py::test_negative_earnings_forecast_without_source_or_type_cannot_masquerade_as_baseline
1789497563.306264	FINISH	tests/test_expectation_revision_contract.py::test_negative_earnings_forecast_without_source_or_type_cannot_masquerade_as_baseline
1789497563.306408	START	tests/test_expectation_revision_contract.py::test_negative_compliance_cumulative_labeled_as_single_quarter_blocks_numeric_revision
1789497563.307068	FINISH	tests/test_expectation_revision_contract.py::test_negative_compliance_cumulative_labeled_as_single_quarter_blocks_numeric_revision
1789497563.307216	START	tests/test_expectation_revision_contract.py::test_negative_manager_raw_response_hallucinating_numbers_beat_miss_or_priced_in_is_blocked
1789497563.308026	FINISH	tests/test_expectation_revision_contract.py::test_negative_manager_raw_response_hallucinating_numbers_beat_miss_or_priced_in_is_blocked
1789497563.308167	START	tests/test_expectation_revision_contract.py::test_negative_double_count_guard_blocks_duplicate_support_in_manager_consumption
1789497563.309331	FINISH	tests/test_expectation_revision_contract.py::test_negative_double_count_guard_blocks_duplicate_support_in_manager_consumption
1789497563.309463	START	tests/test_expectation_revision_contract.py::test_negative_missing_source_hash_retains_gap_without_fake_fingerprint_and_multi_news_retained
1789497563.310234	FINISH	tests/test_expectation_revision_contract.py::test_negative_missing_source_hash_retains_gap_without_fake_fingerprint_and_multi_news_retained
1789497563.310358	START	tests/test_expectation_revision_contract.py::test_negative_plain_free_text_amount_cannot_become_actual
1789497563.311121	FINISH	tests/test_expectation_revision_contract.py::test_negative_plain_free_text_amount_cannot_become_actual
1789497563.311247	START	tests/test_expectation_revision_contract.py::test_negative_forecast_missing_or_illegal_or_future_as_of_blocks_numeric
1789497563.312010	FINISH	tests/test_expectation_revision_contract.py::test_negative_forecast_missing_or_illegal_or_future_as_of_blocks_numeric
1789497563.312149	START	tests/test_expectation_revision_contract.py::test_negative_manager_guard_covers_chinese_english_and_synonyms
1789497563.313166	FINISH	tests/test_expectation_revision_contract.py::test_negative_manager_guard_covers_chinese_english_and_synonyms
1789497563.313758	START	tests/test_expectation_revision_contract.py::test_negative_double_count_guard_deduplicates_by_real_identity_and_is_idempotent
1789497563.314379	FINISH	tests/test_expectation_revision_contract.py::test_negative_double_count_guard_deduplicates_by_real_identity_and_is_idempotent
1789497563.314520	START	tests/test_expectation_revision_contract.py::test_negative_publication_missing_provenance_stays_gap_without_faking_publish_time
1789497563.315291	FINISH	tests/test_expectation_revision_contract.py::test_negative_publication_missing_provenance_stays_gap_without_faking_publish_time
1789497563.315433	START	tests/test_expectation_revision_contract.py::test_negative_manager_guard_covers_english_exceed_surpass_expected_and_fall_short
1789497563.316490	FINISH	tests/test_expectation_revision_contract.py::test_negative_manager_guard_covers_english_exceed_surpass_expected_and_fall_short
1789497563.316627	START	tests/test_expectation_revision_contract.py::test_double_count_guard_cluster_id_deduplication_and_idempotency
1789497563.317330	FINISH	tests/test_expectation_revision_contract.py::test_double_count_guard_cluster_id_deduplication_and_idempotency
1789497563.317458	START	tests/test_expectation_revision_contract.py::test_calendar_date_validation_downgrades_gap_and_forbids_numeric
1789497563.318547	FINISH	tests/test_expectation_revision_contract.py::test_calendar_date_validation_downgrades_gap_and_forbids_numeric
1789497563.318688	START	tests/test_expectation_revision_contract.py::test_build_fundamentals_expectation_revision_fails_closed_on_fabricated_fin_hash
1789497563.319935	FINISH	tests/test_expectation_revision_contract.py::test_build_fundamentals_expectation_revision_fails_closed_on_fabricated_fin_hash
1789497563.320061	START	tests/test_expectation_revision_contract.py::test_dav883_publication_valid_calendar_dates_and_timestamps_pass
1789497563.322711	FINISH	tests/test_expectation_revision_contract.py::test_dav883_publication_valid_calendar_dates_and_timestamps_pass
1789497563.322842	START	tests/test_expectation_revision_contract.py::test_dav883_publication_illegal_calendar_dates_blocked_and_enter_gap
1789497563.326844	FINISH	tests/test_expectation_revision_contract.py::test_dav883_publication_illegal_calendar_dates_blocked_and_enter_gap
1789497563.326996	START	tests/test_expectation_revision_contract.py::test_dav883_publication_format_errors_blocked_and_enter_gap
1789497563.330243	FINISH	tests/test_expectation_revision_contract.py::test_dav883_publication_format_errors_blocked_and_enter_gap
1789497563.330380	START	tests/test_expectation_revision_contract.py::test_dav883_publication_future_date_regression_and_cutoff_preservation
1789497563.331169	FINISH	tests/test_expectation_revision_contract.py::test_dav883_publication_future_date_regression_and_cutoff_preservation
1789497563.331336	START	tests/test_financial_announce_cutoff.py::test_statutory_disclosure_deadline[20251231-expected0]
1789497563.332750	FINISH	tests/test_financial_announce_cutoff.py::test_statutory_disclosure_deadline[20251231-expected0]
1789497563.332881	START	tests/test_financial_announce_cutoff.py::test_statutory_disclosure_deadline[20250630-expected1]
1789497563.333559	FINISH	tests/test_financial_announce_cutoff.py::test_statutory_disclosure_deadline[20250630-expected1]
1789497563.334155	START	tests/test_financial_announce_cutoff.py::test_statutory_disclosure_deadline[20250331-expected2]
1789497563.334838	FINISH	tests/test_financial_announce_cutoff.py::test_statutory_disclosure_deadline[20250331-expected2]
1789497563.334982	START	tests/test_financial_announce_cutoff.py::test_statutory_disclosure_deadline[20250930-expected3]
1789497563.335803	FINISH	tests/test_financial_announce_cutoff.py::test_statutory_disclosure_deadline[20250930-expected3]
1789497563.335929	START	tests/test_financial_announce_cutoff.py::test_statutory_disclosure_deadline[20241231-expected4]
1789497563.337105	FINISH	tests/test_financial_announce_cutoff.py::test_statutory_disclosure_deadline[20241231-expected4]
1789497563.337254	START	tests/test_financial_announce_cutoff.py::test_resolve_20250331_uses_bs_within_statutory_not_refreshed_is
1789497563.337903	FINISH	tests/test_financial_announce_cutoff.py::test_resolve_20250331_uses_bs_within_statutory_not_refreshed_is
1789497563.338030	START	tests/test_financial_announce_cutoff.py::test_resolve_20240930_keeps_original_q3_announce
1789497563.338783	FINISH	tests/test_financial_announce_cutoff.py::test_resolve_20240930_keeps_original_q3_announce
1789497563.338946	START	tests/test_financial_announce_cutoff.py::test_resolve_20251231_max_within_window
1789497563.339579	FINISH	tests/test_financial_announce_cutoff.py::test_resolve_20251231_max_within_window
1789497563.339850	START	tests/test_financial_announce_cutoff.py::test_resolve_all_refreshed_drops_yoy_constructed
1789497563.340561	FINISH	tests/test_financial_announce_cutoff.py::test_resolve_all_refreshed_drops_yoy_constructed
1789497563.340705	START	tests/test_financial_announce_cutoff.py::test_resolve_real_20240331_keeps_bs_ann_not_statutory_only
1789497563.341471	FINISH	tests/test_financial_announce_cutoff.py::test_resolve_real_20240331_keeps_bs_ann_not_statutory_only
1789497563.341599	START	tests/test_financial_announce_cutoff.py::test_resolve_empty_announce_dates_uses_statutory
1789497563.342245	FINISH	tests/test_financial_announce_cutoff.py::test_resolve_empty_announce_dates_uses_statutory
1789497563.342383	START	tests/test_financial_announce_cutoff.py::test_resolve_688981_real_late_filing_uses_actual_announce_not_statutory
1789497563.343119	FINISH	tests/test_financial_announce_cutoff.py::test_resolve_688981_real_late_filing_uses_actual_announce_not_statutory
1789497563.343259	START	tests/test_financial_announce_cutoff.py::test_resolve_688981_mixed_late_and_yoy_keeps_late_drops_yoy
1789497563.344395	FINISH	tests/test_financial_announce_cutoff.py::test_resolve_688981_mixed_late_and_yoy_keeps_late_drops_yoy
1789497563.344528	START	tests/test_financial_announce_cutoff.py::test_resolve_600519_q1_2025_still_drops_yoy_is_cf
1789497563.345161	FINISH	tests/test_financial_announce_cutoff.py::test_resolve_600519_q1_2025_still_drops_yoy_is_cf
1789497563.345289	START	tests/test_financial_announce_cutoff.py::test_filter_income_before_and_after_q1_2025_announce
1789497563.349356	FINISH	tests/test_financial_announce_cutoff.py::test_filter_income_before_and_after_q1_2025_announce
1789497563.349489	START	tests/test_financial_announce_cutoff.py::test_filter_does_not_leak_unannounced_fy_via_report_period
1789497563.351990	FINISH	tests/test_financial_announce_cutoff.py::test_filter_does_not_leak_unannounced_fy_via_report_period
1789497563.352117	START	tests/test_financial_announce_cutoff.py::test_financial_cutoff_header_mentions_period_and_effective_date
1789497563.354511	FINISH	tests/test_financial_announce_cutoff.py::test_financial_cutoff_header_mentions_period_and_effective_date
1789497563.354651	START	tests/test_financial_announce_cutoff.py::test_financial_cutoff_header_appends_yoy_disclaimer
1789497563.355451	FINISH	tests/test_financial_announce_cutoff.py::test_financial_cutoff_header_appends_yoy_disclaimer
1789497563.355580	START	tests/test_financial_announce_cutoff.py::test_financial_cutoff_header_yoy_disclaimer_forced_flag
1789497563.356312	FINISH	tests/test_financial_announce_cutoff.py::test_financial_cutoff_header_yoy_disclaimer_forced_flag
1789497563.356920	START	tests/test_financial_announce_cutoff.py::test_abstract_columns_filtered_by_effective_map
1789497563.359366	FINISH	tests/test_financial_announce_cutoff.py::test_abstract_columns_filtered_by_effective_map
1789497563.359517	START	tests/test_financial_announce_cutoff.py::test_provider_income_truncation_today_vs_90d_ago
1789497563.373267	FINISH	tests/test_financial_announce_cutoff.py::test_provider_income_truncation_today_vs_90d_ago
1789497563.373432	START	tests/test_financial_announce_cutoff.py::test_provider_missing_curr_date_refuses_financials
1789497563.374499	FINISH	tests/test_financial_announce_cutoff.py::test_provider_missing_curr_date_refuses_financials
1789497563.374637	START	tests/test_financial_announce_cutoff.py::test_provider_historical_refuses_ths_fallback
1789497563.375775	FINISH	tests/test_financial_announce_cutoff.py::test_provider_historical_refuses_ths_fallback
1789497563.375907	START	tests/test_financial_announce_cutoff.py::test_shareholder_count_requires_curr_date
1789497563.376509	FINISH	tests/test_financial_announce_cutoff.py::test_shareholder_count_requires_curr_date
1789497563.376771	START	tests/test_financial_announce_cutoff.py::test_fund_flow_requires_curr_date_and_oor_message
1789497563.387050	FINISH	tests/test_financial_announce_cutoff.py::test_fund_flow_requires_curr_date_and_oor_message
1789497563.387221	START	tests/test_financial_announce_cutoff.py::test_provider_income_statement_includes_period_kind_and_no_q2
1789497563.392977	FINISH	tests/test_financial_announce_cutoff.py::test_provider_income_statement_includes_period_kind_and_no_q2
1789497563.393168	START	tests/test_financial_announce_cutoff.py::test_provider_balance_sheet_includes_period_end_stock
1789497563.397609	FINISH	tests/test_financial_announce_cutoff.py::test_provider_balance_sheet_includes_period_end_stock
1789497563.397747	START	tests/test_financial_announce_cutoff.py::test_provider_cashflow_statement_includes_period_kind_and_no_q2
1789497563.403337	FINISH	tests/test_financial_announce_cutoff.py::test_provider_cashflow_statement_includes_period_kind_and_no_q2
1789497563.403513	START	tests/test_financial_announce_cutoff.py::test_build_effective_announce_map_with_ann_date_and_f_ann_date
1789497563.404789	FINISH	tests/test_financial_announce_cutoff.py::test_build_effective_announce_map_with_ann_date_and_f_ann_date
1789497563.405460	START	tests/test_financial_announce_cutoff.py::test_provider_backup_source_with_ann_date_and_f_ann_date_a4_cutoff
1789497563.423521	FINISH	tests/test_financial_announce_cutoff.py::test_provider_backup_source_with_ann_date_and_f_ann_date_a4_cutoff
1789497563.423691	START	tests/test_financial_announce_cutoff.py::test_provider_backup_source_without_ann_date_refused_on_historical_date
1789497563.424905	FINISH	tests/test_financial_announce_cutoff.py::test_provider_backup_source_without_ann_date_refused_on_historical_date
1789497563.425078	START	tests/test_financial_announce_cutoff.py::test_provider_unparseable_curr_date_fails_not_today
1789497563.427007	FINISH	tests/test_financial_announce_cutoff.py::test_provider_unparseable_curr_date_fails_not_today
1789497563.427144	START	tests/test_financial_announce_cutoff.py::test_tushare_financial_tables_error_handling
1789497563.427828	FINISH	tests/test_financial_announce_cutoff.py::test_tushare_financial_tables_error_handling
1789497563.428469	START	tests/test_financial_announce_cutoff.py::test_tushare_financial_tables_valid_envelope_parsing
1789497563.430626	FINISH	tests/test_financial_announce_cutoff.py::test_tushare_financial_tables_valid_envelope_parsing
1789497563.430762	START	tests/test_financial_announce_cutoff.py::test_provider_backup_source_single_ann_date_or_f_ann_date
1789497563.438077	FINISH	tests/test_financial_announce_cutoff.py::test_provider_backup_source_single_ann_date_or_f_ann_date
1789497563.438251	START	tests/test_financial_announce_cutoff.py::test_provider_income_statement_missing_q1_shows_na_declaration
1789497563.443126	FINISH	tests/test_financial_announce_cutoff.py::test_provider_income_statement_missing_q1_shows_na_declaration
1789497563.443394	START	tests/test_financial_announce_cutoff.py::test_provider_income_statement_with_h1_and_q1_derives_q2
1789497563.451005	FINISH	tests/test_financial_announce_cutoff.py::test_provider_income_statement_with_h1_and_q1_derives_q2
1789497563.451172	START	tests/test_financial_announce_cutoff.py::test_provider_income_statement_with_eps_excludes_eps_from_derivation
1789497563.456399	FINISH	tests/test_financial_announce_cutoff.py::test_provider_income_statement_with_eps_excludes_eps_from_derivation
1789497563.456582	START	tests/test_financial_as_of.py::test_extract_source_as_of_eight_interfaces[balance_sheet-## Balance Sheet (600900.SH)\n\n\u3010\u8d22\u52a1\u6570\u636e\u622a\u81f3 2026Q1\u3011\uff08\u751f\u6548\u516c\u544a\u65e5 2026-04-30\uff0c\u5206\u6790\u65e5 2026-08-21\uff09\n\uff08\u8be5\u671f\u9996\u6b21\u516c\u544a\u65e5\u5728\u6570\u636e\u6e90\u4e2d\u5df2\u88ab\u540e\u7eed\u8d22\u62a5\u5237\u65b0\u8986\u76d6\uff0c\u6b64\u5904\u6309\u6cd5\u5b9a\u62ab\u9732\u622a\u6b62\u65e5\u4f30\u8ba1\uff0c\u82e5\u516c\u53f8\u5f53\u671f\u5b9e\u9645\u903e\u671f\u62ab\u9732\uff0c\u53ef\u89c1\u65f6\u70b9\u53ef\u80fd\u665a\u4e8e\u6b64\u4f30\u8ba1\u6570\u65e5\u81f3\u6570\u5468\uff09\n\n|      \u62a5\u544a\u65e5 |     \u516c\u544a\u65e5\u671f |        \u8d27\u5e01\u8d44\u91d1 |        \u5e94\u6536\u8d26\u6b3e |          \u5b58\u8d27 |\n|---------:|---------:|------------:|------------:|------------:|\n| 20260331 | 20260430 |  12345678.0 |   5678901.0 |   2345678.0 |\n-2026-08-21-2026-04-30]
1789497563.460810	FINISH	tests/test_financial_as_of.py::test_extract_source_as_of_eight_interfaces[balance_sheet-## Balance Sheet (600900.SH)\n\n\u3010\u8d22\u52a1\u6570\u636e\u622a\u81f3 2026Q1\u3011\uff08\u751f\u6548\u516c\u544a\u65e5 2026-04-30\uff0c\u5206\u6790\u65e5 2026-08-21\uff09\n\uff08\u8be5\u671f\u9996\u6b21\u516c\u544a\u65e5\u5728\u6570\u636e\u6e90\u4e2d\u5df2\u88ab\u540e\u7eed\u8d22\u62a5\u5237\u65b0\u8986\u76d6\uff0c\u6b64\u5904\u6309\u6cd5\u5b9a\u62ab\u9732\u622a\u6b62\u65e5\u4f30\u8ba1\uff0c\u82e5\u516c\u53f8\u5f53\u671f\u5b9e\u9645\u903e\u671f\u62ab\u9732\uff0c\u53ef\u89c1\u65f6\u70b9\u53ef\u80fd\u665a\u4e8e\u6b64\u4f30\u8ba1\u6570\u65e5\u81f3\u6570\u5468\uff09\n\n|      \u62a5\u544a\u65e5 |     \u516c\u544a\u65e5\u671f |        \u8d27\u5e01\u8d44\u91d1 |        \u5e94\u6536\u8d26\u6b3e |          \u5b58\u8d27 |\n|---------:|---------:|------------:|------------:|------------:|\n| 20260331 | 20260430 |  12345678.0 |   5678901.0 |   2345678.0 |\n-2026-08-21-2026-04-30]
1789497563.460985	START	tests/test_financial_as_of.py::test_extract_source_as_of_eight_interfaces[income_statement-## Income Statement (600900.SH)\n\n\u3010\u8d22\u52a1\u6570\u636e\u622a\u81f3 2026Q1\u3011\uff08\u751f\u6548\u516c\u544a\u65e5 2026-04-30\uff0c\u5206\u6790\u65e5 2026-08-21\uff09\n\uff08\u8be5\u671f\u9996\u6b21\u516c\u544a\u65e5\u5728\u6570\u636e\u6e90\u4e2d\u5df2\u88ab\u540e\u7eed\u8d22\u62a5\u5237\u65b0\u8986\u76d6\uff0c\u6b64\u5904\u6309\u6cd5\u5b9a\u62ab\u9732\u622a\u6b62\u65e5\u4f30\u8ba1\uff0c\u82e5\u516c\u53f8\u5f53\u671f\u5b9e\u9645\u903e\u671f\u62ab\u9732\uff0c\u53ef\u89c1\u65f6\u70b9\u53ef\u80fd\u665a\u4e8e\u6b64\u4f30\u8ba1\u6570\u65e5\u81f3\u6570\u5468\uff09\n\n|      \u62a5\u544a\u65e5 |     \u516c\u544a\u65e5\u671f |       \u8425\u4e1a\u603b\u6536\u5165 |        \u8425\u4e1a\u6536\u5165 |       \u8425\u4e1a\u603b\u6210\u672c |\n|---------:|---------:|------------:|------------:|------------:|\n| 20260331 | 20260430 |  98765432.0 |  98765432.0 |  54321098.0 |\n-2026-08-21-2026-04-30]
1789497563.461989	FINISH	tests/test_financial_as_of.py::test_extract_source_as_of_eight_interfaces[income_statement-## Income Statement (600900.SH)\n\n\u3010\u8d22\u52a1\u6570\u636e\u622a\u81f3 2026Q1\u3011\uff08\u751f\u6548\u516c\u544a\u65e5 2026-04-30\uff0c\u5206\u6790\u65e5 2026-08-21\uff09\n\uff08\u8be5\u671f\u9996\u6b21\u516c\u544a\u65e5\u5728\u6570\u636e\u6e90\u4e2d\u5df2\u88ab\u540e\u7eed\u8d22\u62a5\u5237\u65b0\u8986\u76d6\uff0c\u6b64\u5904\u6309\u6cd5\u5b9a\u62ab\u9732\u622a\u6b62\u65e5\u4f30\u8ba1\uff0c\u82e5\u516c\u53f8\u5f53\u671f\u5b9e\u9645\u903e\u671f\u62ab\u9732\uff0c\u53ef\u89c1\u65f6\u70b9\u53ef\u80fd\u665a\u4e8e\u6b64\u4f30\u8ba1\u6570\u65e5\u81f3\u6570\u5468\uff09\n\n|      \u62a5\u544a\u65e5 |     \u516c\u544a\u65e5\u671f |       \u8425\u4e1a\u603b\u6536\u5165 |        \u8425\u4e1a\u6536\u5165 |       \u8425\u4e1a\u603b\u6210\u672c |\n|---------:|---------:|------------:|------------:|------------:|\n| 20260331 | 20260430 |  98765432.0 |  98765432.0 |  54321098.0 |\n-2026-08-21-2026-04-30]
1789497563.462157	START	tests/test_financial_as_of.py::test_extract_source_as_of_eight_interfaces[cashflow-## Cashflow (600900.SH)\n\n\u3010\u8d22\u52a1\u6570\u636e\u622a\u81f3 2026Q1\u3011\uff08\u751f\u6548\u516c\u544a\u65e5 2026-04-30\uff0c\u5206\u6790\u65e5 2026-08-21\uff09\n\uff08\u8be5\u671f\u9996\u6b21\u516c\u544a\u65e5\u5728\u6570\u636e\u6e90\u4e2d\u5df2\u88ab\u540e\u7eed\u8d22\u62a5\u5237\u65b0\u8986\u76d6\uff0c\u6b64\u5904\u6309\u6cd5\u5b9a\u62ab\u9732\u622a\u6b62\u65e5\u4f30\u8ba1\uff0c\u82e5\u516c\u53f8\u5f53\u671f\u5b9e\u9645\u903e\u671f\u62ab\u9732\uff0c\u53ef\u89c1\u65f6\u70b9\u53ef\u80fd\u665a\u4e8e\u6b64\u4f30\u8ba1\u6570\u65e5\u81f3\u6570\u5468\uff09\n\n|      \u62a5\u544a\u65e5 |     \u516c\u544a\u65e5\u671f |   \u9500\u552e\u5546\u54c1\u3001\u63d0\u4f9b\u52b3\u52a1\u6536\u5230\u7684\u73b0\u91d1 |   \u7ecf\u8425\u6d3b\u52a8\u73b0\u91d1\u6d41\u5165\u5c0f\u8ba1 |\n|---------:|---------:|-----------------:|-------------:|\n| 20260331 | 20260430 |       45678901.0 |   56789012.0 |\n-2026-08-21-2026-04-30]
1789497563.463128	FINISH	tests/test_financial_as_of.py::test_extract_source_as_of_eight_interfaces[cashflow-## Cashflow (600900.SH)\n\n\u3010\u8d22\u52a1\u6570\u636e\u622a\u81f3 2026Q1\u3011\uff08\u751f\u6548\u516c\u544a\u65e5 2026-04-30\uff0c\u5206\u6790\u65e5 2026-08-21\uff09\n\uff08\u8be5\u671f\u9996\u6b21\u516c\u544a\u65e5\u5728\u6570\u636e\u6e90\u4e2d\u5df2\u88ab\u540e\u7eed\u8d22\u62a5\u5237\u65b0\u8986\u76d6\uff0c\u6b64\u5904\u6309\u6cd5\u5b9a\u62ab\u9732\u622a\u6b62\u65e5\u4f30\u8ba1\uff0c\u82e5\u516c\u53f8\u5f53\u671f\u5b9e\u9645\u903e\u671f\u62ab\u9732\uff0c\u53ef\u89c1\u65f6\u70b9\u53ef\u80fd\u665a\u4e8e\u6b64\u4f30\u8ba1\u6570\u65e5\u81f3\u6570\u5468\uff09\n\n|      \u62a5\u544a\u65e5 |     \u516c\u544a\u65e5\u671f |   \u9500\u552e\u5546\u54c1\u3001\u63d0\u4f9b\u52b3\u52a1\u6536\u5230\u7684\u73b0\u91d1 |   \u7ecf\u8425\u6d3b\u52a8\u73b0\u91d1\u6d41\u5165\u5c0f\u8ba1 |\n|---------:|---------:|-----------------:|-------------:|\n| 20260331 | 20260430 |       45678901.0 |   56789012.0 |\n-2026-08-21-2026-04-30]
1789497563.463307	START	tests/test_financial_as_of.py::test_extract_source_as_of_eight_interfaces[fundamentals-## Fundamentals for 600900.SH\n\n### Company Profile\n\n\u3010\u6570\u636e\u83b7\u53d6\u5931\u8d25\u3011Company Profile\uff08\u603b\u5e02\u503c/PE/\u4e2a\u80a1\u4fe1\u606f\uff09\uff1a\u8be5\u6570\u636e\u6e90\u4ec5\u63d0\u4f9b\u5f53\u524d\u5feb\u7167\uff0c\u65e0\u6cd5\u7528\u4e8e\u5386\u53f2\u65e5\u671f\u5206\u6790\uff0c\u672c\u9879\u4e0d\u53ef\u7528\n\n### Financial Abstract\n\n\u3010\u8d22\u52a1\u6570\u636e\u622a\u81f3 2026Q1\u3011\uff08\u751f\u6548\u516c\u544a\u65e5 2026-04-30\uff0c\u5206\u6790\u65e5 2026-08-21\uff09\n\uff08\u8be5\u671f\u9996\u6b21\u516c\u544a\u65e5\u5728\u6570\u636e\u6e90\u4e2d\u5df2\u88ab\u540e\u7eed\u8d22\u62a5\u5237\u65b0\u8986\u76d6\uff0c\u6b64\u5904\u6309\u6cd5\u5b9a\u62ab\u9732\u622a\u6b62\u65e5\u4f30\u8ba1\uff0c\u82e5\u516c\u53f8\u5f53\u671f\u5b9e\u9645\u903e\u671f\u62ab\u9732\uff0c\u53ef\u89c1\u65f6\u70b9\u53ef\u80fd\u665a\u4e8e\u6b64\u4f30\u8ba1\u6570\u65e5\u81f3\u6570\u5468\uff09\n\n| \u9009\u9879   | \u6307\u6807          |     20260331 |     20251231 |\n|:-----|:------------|-------------:|-------------:|\n| \u5e38\u7528   | \u6bcf\u80a1\u6536\u76ca(\u5143)  |         0.35 |         1.20 |\n-2026-08-21-2026-04-30]
1789497563.464380	FINISH	tests/test_financial_as_of.py::test_extract_source_as_of_eight_interfaces[fundamentals-## Fundamentals for 600900.SH\n\n### Company Profile\n\n\u3010\u6570\u636e\u83b7\u53d6\u5931\u8d25\u3011Company Profile\uff08\u603b\u5e02\u503c/PE/\u4e2a\u80a1\u4fe1\u606f\uff09\uff1a\u8be5\u6570\u636e\u6e90\u4ec5\u63d0\u4f9b\u5f53\u524d\u5feb\u7167\uff0c\u65e0\u6cd5\u7528\u4e8e\u5386\u53f2\u65e5\u671f\u5206\u6790\uff0c\u672c\u9879\u4e0d\u53ef\u7528\n\n### Financial Abstract\n\n\u3010\u8d22\u52a1\u6570\u636e\u622a\u81f3 2026Q1\u3011\uff08\u751f\u6548\u516c\u544a\u65e5 2026-04-30\uff0c\u5206\u6790\u65e5 2026-08-21\uff09\n\uff08\u8be5\u671f\u9996\u6b21\u516c\u544a\u65e5\u5728\u6570\u636e\u6e90\u4e2d\u5df2\u88ab\u540e\u7eed\u8d22\u62a5\u5237\u65b0\u8986\u76d6\uff0c\u6b64\u5904\u6309\u6cd5\u5b9a\u62ab\u9732\u622a\u6b62\u65e5\u4f30\u8ba1\uff0c\u82e5\u516c\u53f8\u5f53\u671f\u5b9e\u9645\u903e\u671f\u62ab\u9732\uff0c\u53ef\u89c1\u65f6\u70b9\u53ef\u80fd\u665a\u4e8e\u6b64\u4f30\u8ba1\u6570\u65e5\u81f3\u6570\u5468\uff09\n\n| \u9009\u9879   | \u6307\u6807          |     20260331 |     20251231 |\n|:-----|:------------|-------------:|-------------:|\n| \u5e38\u7528   | \u6bcf\u80a1\u6536\u76ca(\u5143)  |         0.35 |         1.20 |\n-2026-08-21-2026-04-30]
1789497563.464525	START	tests/test_financial_as_of.py::test_extract_source_as_of_eight_interfaces[earnings_forecast_empty-\u3010\u4e1a\u7ee9\u9884\u544a\u6392\u67e5\u3011\u67e5\u8be2\u62a5\u544a\u671f = 20260630\uff082026H1\uff09\u3002\u8be5\u6807\u7684\u5728\u672c\u62a5\u544a\u671f\u6682\u65e0\u4e1a\u7ee9\u9884\u8b66/\u9884\u589e\u516c\u544a\uff08\u67e5\u8be2\u6210\u529f\uff0c\u786e\u8ba4\u65e0\u9884\u544a\uff09\u3002-2026-08-21-2026-06-30]
1789497563.465429	FINISH	tests/test_financial_as_of.py::test_extract_source_as_of_eight_interfaces[earnings_forecast_empty-\u3010\u4e1a\u7ee9\u9884\u544a\u6392\u67e5\u3011\u67e5\u8be2\u62a5\u544a\u671f = 20260630\uff082026H1\uff09\u3002\u8be5\u6807\u7684\u5728\u672c\u62a5\u544a\u671f\u6682\u65e0\u4e1a\u7ee9\u9884\u8b66/\u9884\u589e\u516c\u544a\uff08\u67e5\u8be2\u6210\u529f\uff0c\u786e\u8ba4\u65e0\u9884\u544a\uff09\u3002-2026-08-21-2026-06-30]
1789497563.465580	START	tests/test_financial_as_of.py::test_extract_source_as_of_eight_interfaces[earnings_forecast_data-\u3010\u4e1a\u7ee9\u9884\u544a/\u5feb\u62a5\u3011\u67e5\u8be2\u62a5\u544a\u671f = 20260630\uff082026H1\uff09\u3002\u627e\u5230 1 \u6761\u9884\u544a\u8bb0\u5f55\uff1a\n- \u516c\u544a\u65e5: 2026-07-15 | \u7c7b\u578b: \u9884\u589e | \u53d8\u52a8: 50%\n  \u539f\u56e0\u6458\u8981: \u4e3b\u8425\u4e1a\u52a1\u6301\u7eed\u589e\u957f-2026-08-21-2026-07-15]
1789497563.466407	FINISH	tests/test_financial_as_of.py::test_extract_source_as_of_eight_interfaces[earnings_forecast_data-\u3010\u4e1a\u7ee9\u9884\u544a/\u5feb\u62a5\u3011\u67e5\u8be2\u62a5\u544a\u671f = 20260630\uff082026H1\uff09\u3002\u627e\u5230 1 \u6761\u9884\u544a\u8bb0\u5f55\uff1a\n- \u516c\u544a\u65e5: 2026-07-15 | \u7c7b\u578b: \u9884\u589e | \u53d8\u52a8: 50%\n  \u539f\u56e0\u6458\u8981: \u4e3b\u8425\u4e1a\u52a1\u6301\u7eed\u589e\u957f-2026-08-21-2026-07-15]
1789497563.466675	START	tests/test_financial_as_of.py::test_extract_source_as_of_eight_interfaces[shareholder_count-\u3010\u80a1\u4e1c\u6237\u6570\u4e0e\u7b79\u7801\u96c6\u4e2d\u5ea6\u3011\u6700\u8fd1 4 \u671f\u6237\u6570\u53d8\u52a8\uff1a\n- \u622a\u6b62\u65e5: 2025-08-30 | \u80a1\u4e1c\u6237\u6570: 613514 | \u8f83\u4e0a\u671f\u53d8\u52a8: 77.276733212551% | \u6237\u5747\u5e02\u503c: 1120287.7776912 \u5143\n- \u622a\u6b62\u65e5: 2025-09-30 | \u80a1\u4e1c\u6237\u6570: 601559 | \u8f83\u4e0a\u671f\u53d8\u52a8: -1.948610789648% | \u6237\u5747\u5e02\u503c: 1108384.93441375 \u5143\n- \u622a\u6b62\u65e5: 2025-12-31 | \u80a1\u4e1c\u6237\u6570: 543860 | \u8f83\u4e0a\u671f\u53d8\u52a8: -9.591577883466% | \u6237\u5747\u5e02\u503c: 1223275.91604097 \u5143\n- \u622a\u6b62\u65e5: 2026-03-31 | \u80a1\u4e1c\u6237\u6570: 739609 | \u8f83\u4e0a\u671f\u53d8\u52a8: 35.992534843526% | \u6237\u5747\u5e02\u503c: 894554.564696536 \u5143-2026-08-21-2026-03-31]
1789497563.467509	FINISH	tests/test_financial_as_of.py::test_extract_source_as_of_eight_interfaces[shareholder_count-\u3010\u80a1\u4e1c\u6237\u6570\u4e0e\u7b79\u7801\u96c6\u4e2d\u5ea6\u3011\u6700\u8fd1 4 \u671f\u6237\u6570\u53d8\u52a8\uff1a\n- \u622a\u6b62\u65e5: 2025-08-30 | \u80a1\u4e1c\u6237\u6570: 613514 | \u8f83\u4e0a\u671f\u53d8\u52a8: 77.276733212551% | \u6237\u5747\u5e02\u503c: 1120287.7776912 \u5143\n- \u622a\u6b62\u65e5: 2025-09-30 | \u80a1\u4e1c\u6237\u6570: 601559 | \u8f83\u4e0a\u671f\u53d8\u52a8: -1.948610789648% | \u6237\u5747\u5e02\u503c: 1108384.93441375 \u5143\n- \u622a\u6b62\u65e5: 2025-12-31 | \u80a1\u4e1c\u6237\u6570: 543860 | \u8f83\u4e0a\u671f\u53d8\u52a8: -9.591577883466% | \u6237\u5747\u5e02\u503c: 1223275.91604097 \u5143\n- \u622a\u6b62\u65e5: 2026-03-31 | \u80a1\u4e1c\u6237\u6570: 739609 | \u8f83\u4e0a\u671f\u53d8\u52a8: 35.992534843526% | \u6237\u5747\u5e02\u503c: 894554.564696536 \u5143-2026-08-21-2026-03-31]
1789497563.467639	START	tests/test_financial_as_of.py::test_extract_source_as_of_eight_interfaces[fund_flow_individual_text-\u3010\u5907\u7528\u6570\u636e\u6e90\uff1a\u65b0\u6d6a\u5386\u53f2/\u6536\u76d8\u6570\u636e\u3011600900.SH \u8fd15\u65e5\u4e3b\u529b\u8d44\u91d1\u51c0\u6d41\u5411\uff08\u622a\u81f3\u4e8e 2026-08-21\uff0c\u6700\u65b0\u6570\u636e\u65e5 2026-08-21\uff0c\u5355\u4f4d\uff1a\u4ebf\u5143\uff09\uff1a\n        \u65e5\u671f \u51c0\u6d41\u5165\u989d(\u4ebf) \u4e3b\u529b\u51c0\u6d41\u5165(\u4ebf)     \u51c0\u5360\u6bd4\n2026-08-17    0.50     0.01   2.41%\n2026-08-18    0.41     1.85   2.07%\n2026-08-19   -0.51    -0.61  -1.46%\n2026-08-20    0.14    -0.84   0.60%\n2026-08-21   -1.83    -1.58 -10.26%\n\uff08\u65b0\u6d6a\u5386\u53f2\u63a5\u53e3\u672a\u63d0\u4f9b\u8d85\u5927\u5355/\u5927\u5355/\u4e2d\u5355/\u5c0f\u5355\u660e\u7ec6\uff09-2026-08-21-2026-08-21]
1789497563.468627	FINISH	tests/test_financial_as_of.py::test_extract_source_as_of_eight_interfaces[fund_flow_individual_text-\u3010\u5907\u7528\u6570\u636e\u6e90\uff1a\u65b0\u6d6a\u5386\u53f2/\u6536\u76d8\u6570\u636e\u3011600900.SH \u8fd15\u65e5\u4e3b\u529b\u8d44\u91d1\u51c0\u6d41\u5411\uff08\u622a\u81f3\u4e8e 2026-08-21\uff0c\u6700\u65b0\u6570\u636e\u65e5 2026-08-21\uff0c\u5355\u4f4d\uff1a\u4ebf\u5143\uff09\uff1a\n        \u65e5\u671f \u51c0\u6d41\u5165\u989d(\u4ebf) \u4e3b\u529b\u51c0\u6d41\u5165(\u4ebf)     \u51c0\u5360\u6bd4\n2026-08-17    0.50     0.01   2.41%\n2026-08-18    0.41     1.85   2.07%\n2026-08-19   -0.51    -0.61  -1.46%\n2026-08-20    0.14    -0.84   0.60%\n2026-08-21   -1.83    -1.58 -10.26%\n\uff08\u65b0\u6d6a\u5386\u53f2\u63a5\u53e3\u672a\u63d0\u4f9b\u8d85\u5927\u5355/\u5927\u5355/\u4e2d\u5355/\u5c0f\u5355\u660e\u7ec6\uff09-2026-08-21-2026-08-21]
1789497563.468799	START	tests/test_financial_as_of.py::test_extract_source_as_of_eight_interfaces[fund_flow_individual_obj-\u3010\u5907\u7528\u6570\u636e\u6e90\uff1a\u65b0\u6d6a\u5386\u53f2/\u6536\u76d8\u6570\u636e\u3011600900.SH \u8fd15\u65e5\u4e3b\u529b\u8d44\u91d1\u51c0\u6d41\u5411\uff08\u622a\u81f3\u4e8e 2026-08-21\uff0c\u6700\u65b0\u6570\u636e\u65e5 2026-08-21\uff0c\u5355\u4f4d\uff1a\u4ebf\u5143\uff09\uff1a\n        \u65e5\u671f \u51c0\u6d41\u5165\u989d(\u4ebf) \u4e3b\u529b\u51c0\u6d41\u5165(\u4ebf)     \u51c0\u5360\u6bd4\n2026-08-17    0.50     0.01   2.41%\n2026-08-18    0.41     1.85   2.07%\n2026-08-19   -0.51    -0.61  -1.46%\n2026-08-20    0.14    -0.84   0.60%\n2026-08-21   -1.83    -1.58 -10.26%\n\uff08\u65b0\u6d6a\u5386\u53f2\u63a5\u53e3\u672a\u63d0\u4f9b\u8d85\u5927\u5355/\u5927\u5355/\u4e2d\u5355/\u5c0f\u5355\u660e\u7ec6\uff09-2026-08-21-2026-08-21]
1789497563.469705	FINISH	tests/test_financial_as_of.py::test_extract_source_as_of_eight_interfaces[fund_flow_individual_obj-\u3010\u5907\u7528\u6570\u636e\u6e90\uff1a\u65b0\u6d6a\u5386\u53f2/\u6536\u76d8\u6570\u636e\u3011600900.SH \u8fd15\u65e5\u4e3b\u529b\u8d44\u91d1\u51c0\u6d41\u5411\uff08\u622a\u81f3\u4e8e 2026-08-21\uff0c\u6700\u65b0\u6570\u636e\u65e5 2026-08-21\uff0c\u5355\u4f4d\uff1a\u4ebf\u5143\uff09\uff1a\n        \u65e5\u671f \u51c0\u6d41\u5165\u989d(\u4ebf) \u4e3b\u529b\u51c0\u6d41\u5165(\u4ebf)     \u51c0\u5360\u6bd4\n2026-08-17    0.50     0.01   2.41%\n2026-08-18    0.41     1.85   2.07%\n2026-08-19   -0.51    -0.61  -1.46%\n2026-08-20    0.14    -0.84   0.60%\n2026-08-21   -1.83    -1.58 -10.26%\n\uff08\u65b0\u6d6a\u5386\u53f2\u63a5\u53e3\u672a\u63d0\u4f9b\u8d85\u5927\u5355/\u5927\u5355/\u4e2d\u5355/\u5c0f\u5355\u660e\u7ec6\uff09-2026-08-21-2026-08-21]
1789497563.469858	START	tests/test_financial_as_of.py::test_extract_source_as_of_eight_interfaces[backup_balance_sheet-## Balance Sheet (600900.SH)\n\n\u3010\u8d22\u52a1\u6570\u636e\u622a\u81f3 2026Q1\u3011\uff08\u751f\u6548\u516c\u544a\u65e5 2026-04-28\uff0c\u5206\u6790\u65e5 2026-08-21\uff09\n\n|      \u62a5\u544a\u65e5 |     \u516c\u544a\u65e5\u671f |     \u5b9e\u9645\u516c\u544a\u65e5 |        \u8d44\u4ea7\u603b\u8ba1 |        \u8d1f\u503a\u5408\u8ba1 |\n|---------:|---------:|------------:|------------:|------------:|\n| 20260331 | 20260430 | 20260428    |  12345678.0 |   5678901.0 |\n-2026-08-21-2026-04-28]
1789497563.471221	FINISH	tests/test_financial_as_of.py::test_extract_source_as_of_eight_interfaces[backup_balance_sheet-## Balance Sheet (600900.SH)\n\n\u3010\u8d22\u52a1\u6570\u636e\u622a\u81f3 2026Q1\u3011\uff08\u751f\u6548\u516c\u544a\u65e5 2026-04-28\uff0c\u5206\u6790\u65e5 2026-08-21\uff09\n\n|      \u62a5\u544a\u65e5 |     \u516c\u544a\u65e5\u671f |     \u5b9e\u9645\u516c\u544a\u65e5 |        \u8d44\u4ea7\u603b\u8ba1 |        \u8d1f\u503a\u5408\u8ba1 |\n|---------:|---------:|------------:|------------:|------------:|\n| 20260331 | 20260430 | 20260428    |  12345678.0 |   5678901.0 |\n-2026-08-21-2026-04-28]
1789497563.471360	START	tests/test_financial_as_of.py::test_extract_source_as_of_eight_interfaces[restricted_release_none-\u3010\u89e3\u7981\u6392\u67e5\u3011\u6570\u636e\u57fa\u51c6\u65e5\uff1a2026-08-21\u3002\u8ddd\u5f53\u524d\u5206\u6790\u65e5\u671f\u524d\u540e60\u65e5\u5185\u65e0\u9650\u552e\u80a1\u89e3\u7981\u8bb0\u5f55\uff0c\u65e0\u91cd\u5927\u89e3\u7981\u51b2\u51fb\u98ce\u9669\u3002-2026-08-21-2026-08-21]
1789497563.472105	FINISH	tests/test_financial_as_of.py::test_extract_source_as_of_eight_interfaces[restricted_release_none-\u3010\u89e3\u7981\u6392\u67e5\u3011\u6570\u636e\u57fa\u51c6\u65e5\uff1a2026-08-21\u3002\u8ddd\u5f53\u524d\u5206\u6790\u65e5\u671f\u524d\u540e60\u65e5\u5185\u65e0\u9650\u552e\u80a1\u89e3\u7981\u8bb0\u5f55\uff0c\u65e0\u91cd\u5927\u89e3\u7981\u51b2\u51fb\u98ce\u9669\u3002-2026-08-21-2026-08-21]
1789497563.472246	START	tests/test_financial_as_of.py::test_extract_source_as_of_eight_interfaces[restricted_release_data-\u3010\u9650\u552e\u89e3\u7981\u98ce\u9669\u9884\u8b66\u3011\uff08\u6570\u636e\u57fa\u51c6\u65e5\uff1a2026-08-21\uff09\u627e\u5230 1 \u6761\u8fd1\u671f\u89e3\u7981\u8bb0\u5f55\uff1a\n- \u89e3\u7981\u65e5\u671f: 2026-08-15 | \u7c7b\u578b: \u9996\u53d1\u539f\u80a1\u4e1c\u9650\u552e\u80a1\u4efd | \u5360\u6bd4\u6d41\u901a\u5e02\u503c: 12.5%-2026-08-21-2026-08-21]
1789497563.473249	FINISH	tests/test_financial_as_of.py::test_extract_source_as_of_eight_interfaces[restricted_release_data-\u3010\u9650\u552e\u89e3\u7981\u98ce\u9669\u9884\u8b66\u3011\uff08\u6570\u636e\u57fa\u51c6\u65e5\uff1a2026-08-21\uff09\u627e\u5230 1 \u6761\u8fd1\u671f\u89e3\u7981\u8bb0\u5f55\uff1a\n- \u89e3\u7981\u65e5\u671f: 2026-08-15 | \u7c7b\u578b: \u9996\u53d1\u539f\u80a1\u4e1c\u9650\u552e\u80a1\u4efd | \u5360\u6bd4\u6d41\u901a\u5e02\u503c: 12.5%-2026-08-21-2026-08-21]
1789497563.473379	START	tests/test_financial_as_of.py::test_build_source_provenance_eight_interfaces_no_unverified_gap
1789497563.474457	FINISH	tests/test_financial_as_of.py::test_build_source_provenance_eight_interfaces_no_unverified_gap
1789497563.474609	START	tests/test_financial_as_of.py::test_extract_as_of_financial_statements
1789497563.475344	FINISH	tests/test_financial_as_of.py::test_extract_as_of_financial_statements
1789497563.475483	START	tests/test_financial_as_of.py::test_classify_and_compact_reason_triage
1789497563.476048	FINISH	tests/test_financial_as_of.py::test_classify_and_compact_reason_triage
1789497563.476187	START	tests/test_financial_as_of.py::test_smoke_three_tickers_eight_interfaces_as_of[600900.SH]
1789497563.510299	FINISH	tests/test_financial_as_of.py::test_smoke_three_tickers_eight_interfaces_as_of[600900.SH]
1789497563.510526	START	tests/test_financial_as_of.py::test_smoke_three_tickers_eight_interfaces_as_of[000333.SZ]
1789497563.543032	FINISH	tests/test_financial_as_of.py::test_smoke_three_tickers_eight_interfaces_as_of[000333.SZ]
1789497563.543747	START	tests/test_financial_as_of.py::test_smoke_three_tickers_eight_interfaces_as_of[600276.SH]
1789497563.575373	FINISH	tests/test_financial_as_of.py::test_smoke_three_tickers_eight_interfaces_as_of[600276.SH]
1789497563.575590	START	tests/test_financial_as_of.py::test_provider_sina_failure_refuses_ths_fallback_and_reports_failure
1789497563.577800	FINISH	tests/test_financial_as_of.py::test_provider_sina_failure_refuses_ths_fallback_and_reports_failure
1789497563.577973	START	tests/test_financial_as_of.py::test_rt5_future_only_fuyao_enters_future_ledger
1789497563.584854	FINISH	tests/test_financial_as_of.py::test_rt5_future_only_fuyao_enters_future_ledger
1789497563.585026	START	tests/test_financial_as_of.py::test_rt6_fuyao_verified_four_financial_sources
1789497563.601721	FINISH	tests/test_financial_as_of.py::test_rt6_fuyao_verified_four_financial_sources
1789497563.602034	START	tests/test_financial_as_of.py::test_rt7_unverified_as_of_with_financial_values
1789497563.623954	FINISH	tests/test_financial_as_of.py::test_rt7_unverified_as_of_with_financial_values
1789497563.624121	START	tests/test_financial_as_of.py::test_rt8_provider_error_empty_table_failure_remain_refused
1789497563.636554	FINISH	tests/test_financial_as_of.py::test_rt8_provider_error_empty_table_failure_remain_refused
1789497563.636729	START	tests/test_financial_as_of.py::test_rt9_three_way_non_convergence
1789497563.645478	FINISH	tests/test_financial_as_of.py::test_rt9_three_way_non_convergence
1789497563.645636	START	tests/test_financial_as_of.py::test_rt10_akshare_fallback_semantics
1789497563.652190	FINISH	tests/test_financial_as_of.py::test_rt10_akshare_fallback_semantics
1789497563.652369	START	tests/test_financial_as_of.py::test_rt12_fuyao_four_sources_provenance_and_failure_ledger
1789497563.674564	FINISH	tests/test_financial_as_of.py::test_rt12_fuyao_four_sources_provenance_and_failure_ledger
1789497563.674763	START	tests/test_financial_period_compliance.py::test_rt5_cumulative_labeled_as_single_quarter
1789497563.676500	FINISH	tests/test_financial_period_compliance.py::test_rt5_cumulative_labeled_as_single_quarter
1789497563.677170	START	tests/test_financial_period_compliance.py::test_rt6_cumulative_double_counted
1789497563.678732	FINISH	tests/test_financial_period_compliance.py::test_rt6_cumulative_double_counted
1789497563.678891	START	tests/test_financial_period_compliance.py::test_rt7_valid_cumulative_and_derived_not_flagged
1789497563.679608	FINISH	tests/test_financial_period_compliance.py::test_rt7_valid_cumulative_and_derived_not_flagged
1789497563.680204	START	tests/test_financial_period_compliance.py::test_rt8_single_quarter_without_derivation_when_unavailable
1789497563.680983	FINISH	tests/test_financial_period_compliance.py::test_rt8_single_quarter_without_derivation_when_unavailable
1789497563.681137	START	tests/test_financial_period_compliance.py::test_rt9_q3_and_q4_cumulative_labeled_as_single_quarter
1789497563.682152	FINISH	tests/test_financial_period_compliance.py::test_rt9_q3_and_q4_cumulative_labeled_as_single_quarter
1789497563.682301	START	tests/test_financial_period_compliance.py::test_rt10_point_in_time_balance_stock_not_flagged
1789497563.683099	FINISH	tests/test_financial_period_compliance.py::test_rt10_point_in_time_balance_stock_not_flagged
1789497563.683257	START	tests/test_financial_period_compliance.py::test_rt11_unit_conversion_scientific_notation_and_tolerances
1789497563.684035	FINISH	tests/test_financial_period_compliance.py::test_rt11_unit_conversion_scientific_notation_and_tolerances
1789497563.684621	START	tests/test_financial_period_compliance.py::test_rt12_no_period_or_news_attribution_not_misreported
1789497563.685496	FINISH	tests/test_financial_period_compliance.py::test_rt12_no_period_or_news_attribution_not_misreported
1789497563.685651	START	tests/test_financial_period_compliance.py::test_rt13_frozen_sample_6350b744_e2e_violations
1789497563.705457	FINISH	tests/test_financial_period_compliance.py::test_rt13_frozen_sample_6350b744_e2e_violations
1789497563.705640	START	tests/test_financial_period_compliance.py::test_rt14_storage_payload_and_dual_horizon_preservation
1789497563.706502	FINISH	tests/test_financial_period_compliance.py::test_rt14_storage_payload_and_dual_horizon_preservation
1789497563.706639	START	tests/test_financial_period_compliance.py::test_rt15_distinguish_clean_from_not_checked
1789497563.707466	FINISH	tests/test_financial_period_compliance.py::test_rt15_distinguish_clean_from_not_checked
1789497563.707607	START	tests/test_financial_period_compliance.py::test_rt16_non_blocking_does_not_alter_analysis_status
1789497602.572001	FINISH	tests/test_financial_period_compliance.py::test_rt16_non_blocking_does_not_alter_analysis_status
1789497602.572279	START	tests/test_financial_period_compliance.py::test_violations_schema_strictness_and_native_json_types
1789497602.573216	FINISH	tests/test_financial_period_compliance.py::test_violations_schema_strictness_and_native_json_types
1789497602.573362	START	tests/test_financial_period_compliance.py::test_akshare_format_support_and_classification
1789497602.574200	FINISH	tests/test_financial_period_compliance.py::test_akshare_format_support_and_classification
1789497602.574338	START	tests/test_financial_period_compliance.py::test_amount_extraction_units_and_exclusions
1789497602.575892	FINISH	tests/test_financial_period_compliance.py::test_amount_extraction_units_and_exclusions
1789497602.576038	START	tests/test_financial_period_compliance.py::test_graceful_handling_of_edge_cases
1789497602.576681	FINISH	tests/test_financial_period_compliance.py::test_graceful_handling_of_edge_cases
1789497602.576856	START	tests/test_financial_period_kind.py::test_classify_income_periods[20240331-first_quarter-2024Q1]
1789497602.577614	FINISH	tests/test_financial_period_kind.py::test_classify_income_periods[20240331-first_quarter-2024Q1]
1789497602.577750	START	tests/test_financial_period_kind.py::test_classify_income_periods[20240630-half_year_cumulative-2024H1]
1789497602.578477	FINISH	tests/test_financial_period_kind.py::test_classify_income_periods[20240630-half_year_cumulative-2024H1]
1789497602.578615	START	tests/test_financial_period_kind.py::test_classify_income_periods[20240930-nine_month_cumulative-2024Q3]
1789497602.579415	FINISH	tests/test_financial_period_kind.py::test_classify_income_periods[20240930-nine_month_cumulative-2024Q3]
1789497602.579541	START	tests/test_financial_period_kind.py::test_classify_income_periods[20241231-annual_cumulative-2024A]
1789497602.580234	FINISH	tests/test_financial_period_kind.py::test_classify_income_periods[20241231-annual_cumulative-2024A]
1789497602.580367	START	tests/test_financial_period_kind.py::test_classify_cashflow_periods[20240331-first_quarter-2024Q1]
1789497602.581072	FINISH	tests/test_financial_period_kind.py::test_classify_cashflow_periods[20240331-first_quarter-2024Q1]
1789497602.581210	START	tests/test_financial_period_kind.py::test_classify_cashflow_periods[20240630-half_year_cumulative-2024H1]
1789497602.581917	FINISH	tests/test_financial_period_kind.py::test_classify_cashflow_periods[20240630-half_year_cumulative-2024H1]
1789497602.582054	START	tests/test_financial_period_kind.py::test_classify_cashflow_periods[20240930-nine_month_cumulative-2024Q3]
1789497602.582852	FINISH	tests/test_financial_period_kind.py::test_classify_cashflow_periods[20240930-nine_month_cumulative-2024Q3]
1789497602.582994	START	tests/test_financial_period_kind.py::test_classify_cashflow_periods[20241231-annual_cumulative-2024A]
1789497602.583701	FINISH	tests/test_financial_period_kind.py::test_classify_cashflow_periods[20241231-annual_cumulative-2024A]
1789497602.583838	START	tests/test_financial_period_kind.py::test_classify_balance_periods[20240331-2024Q1]
1789497602.584512	FINISH	tests/test_financial_period_kind.py::test_classify_balance_periods[20240331-2024Q1]
1789497602.584634	START	tests/test_financial_period_kind.py::test_classify_balance_periods[20240630-2024H1]
1789497602.585292	FINISH	tests/test_financial_period_kind.py::test_classify_balance_periods[20240630-2024H1]
1789497602.585415	START	tests/test_financial_period_kind.py::test_classify_balance_periods[20240930-2024Q3]
1789497602.586147	FINISH	tests/test_financial_period_kind.py::test_classify_balance_periods[20240930-2024Q3]
1789497602.586285	START	tests/test_financial_period_kind.py::test_classify_balance_periods[20241231-2024A]
1789497602.586954	FINISH	tests/test_financial_period_kind.py::test_classify_balance_periods[20241231-2024A]
1789497602.587091	START	tests/test_financial_period_kind.py::test_classify_invalid_inputs
1789497602.588069	FINISH	tests/test_financial_period_kind.py::test_classify_invalid_inputs
1789497602.588206	START	tests/test_financial_period_kind.py::test_financial_cutoff_header_preserves_legacy_when_statement_kind_none
1789497602.588825	FINISH	tests/test_financial_period_kind.py::test_financial_cutoff_header_preserves_legacy_when_statement_kind_none
1789497602.588961	START	tests/test_financial_period_kind.py::test_financial_cutoff_header_with_statement_kind_income
1789497602.589670	FINISH	tests/test_financial_period_kind.py::test_financial_cutoff_header_with_statement_kind_income
1789497602.589802	START	tests/test_financial_period_kind.py::test_financial_cutoff_header_with_statement_kind_balance
1789497602.590417	FINISH	tests/test_financial_period_kind.py::test_financial_cutoff_header_with_statement_kind_balance
1789497602.590538	START	tests/test_financial_period_kind.py::test_financial_cutoff_header_with_statement_kind_cashflow
1789497602.591161	FINISH	tests/test_financial_period_kind.py::test_financial_cutoff_header_with_statement_kind_cashflow
1789497602.591289	START	tests/test_financial_period_kind.py::test_financial_cutoff_header_none_latest_with_statement_kind
1789497602.591837	FINISH	tests/test_financial_period_kind.py::test_financial_cutoff_header_none_latest_with_statement_kind
1789497602.591972	START	tests/test_financial_period_kind.py::test_derive_q2_income_statement_success
1789497602.593155	FINISH	tests/test_financial_period_kind.py::test_derive_q2_income_statement_success
1789497602.593285	START	tests/test_financial_period_kind.py::test_derive_q2_income_statement_excludes_eps
1789497602.594112	FINISH	tests/test_financial_period_kind.py::test_derive_q2_income_statement_excludes_eps
1789497602.594251	START	tests/test_financial_period_kind.py::test_derive_q2_defends_against_per_share_columns_even_if_in_whitelist
1789497602.595129	FINISH	tests/test_financial_period_kind.py::test_derive_q2_defends_against_per_share_columns_even_if_in_whitelist
1789497602.595252	START	tests/test_financial_period_kind.py::test_derive_q2_cashflow_statement_success_and_excludes_stock
1789497602.596076	FINISH	tests/test_financial_period_kind.py::test_derive_q2_cashflow_statement_success_and_excludes_stock
1789497602.596199	START	tests/test_financial_period_kind.py::test_derive_q2_cashflow_sina_fixture_ignores_amount_columns_with_scope_words
1789497602.599831	FINISH	tests/test_financial_period_kind.py::test_derive_q2_cashflow_sina_fixture_ignores_amount_columns_with_scope_words
1789497602.599976	START	tests/test_financial_period_kind.py::test_derive_q2_ignores_scope_words_inside_amount_columns
1789497602.600850	FINISH	tests/test_financial_period_kind.py::test_derive_q2_ignores_scope_words_inside_amount_columns
1789497602.600996	START	tests/test_financial_period_kind.py::test_derive_q2_missing_q1
1789497602.601807	FINISH	tests/test_financial_period_kind.py::test_derive_q2_missing_q1
1789497602.601936	START	tests/test_financial_period_kind.py::test_derive_q2_not_h1_latest
1789497602.602740	FINISH	tests/test_financial_period_kind.py::test_derive_q2_not_h1_latest
1789497602.602868	START	tests/test_financial_period_kind.py::test_derive_q2_scope_mismatch[\u5408\u5e76\u8303\u56f4-\u5408\u5e76\u62a5\u8868-\u6bcd\u516c\u53f8\u62a5\u8868]
1789497602.603874	FINISH	tests/test_financial_period_kind.py::test_derive_q2_scope_mismatch[\u5408\u5e76\u8303\u56f4-\u5408\u5e76\u62a5\u8868-\u6bcd\u516c\u53f8\u62a5\u8868]
1789497602.604005	START	tests/test_financial_period_kind.py::test_derive_q2_scope_mismatch[\u5e01\u79cd-CNY-USD]
1789497602.604916	FINISH	tests/test_financial_period_kind.py::test_derive_q2_scope_mismatch[\u5e01\u79cd-CNY-USD]
1789497602.605044	START	tests/test_financial_period_kind.py::test_derive_q2_scope_mismatch[\u5355\u4f4d-\u5343\u5143-\u5143]
1789497602.605961	FINISH	tests/test_financial_period_kind.py::test_derive_q2_scope_mismatch[\u5355\u4f4d-\u5343\u5143-\u5143]
1789497602.606088	START	tests/test_financial_period_kind.py::test_derive_q2_scope_mismatch[\u4f1a\u8ba1\u53e3\u5f84-\u65b0\u51c6\u5219-\u65e7\u51c6\u5219]
1789497602.606992	FINISH	tests/test_financial_period_kind.py::test_derive_q2_scope_mismatch[\u4f1a\u8ba1\u53e3\u5f84-\u65b0\u51c6\u5219-\u65e7\u51c6\u5219]
1789497602.607128	START	tests/test_financial_period_kind.py::test_derive_q2_scope_mismatch[\u62a5\u8868\u5e01\u79cd-CNY-USD]
1789497602.608120	FINISH	tests/test_financial_period_kind.py::test_derive_q2_scope_mismatch[\u62a5\u8868\u5e01\u79cd-CNY-USD]
1789497602.608255	START	tests/test_financial_period_kind.py::test_derive_q2_scope_mismatch[\u62a5\u8868\u5355\u4f4d-\u5343\u5143-\u5143]
1789497602.609163	FINISH	tests/test_financial_period_kind.py::test_derive_q2_scope_mismatch[\u62a5\u8868\u5355\u4f4d-\u5343\u5143-\u5143]
1789497602.609300	START	tests/test_financial_period_kind.py::test_derive_q2_scope_mismatch[\u672c\u671f\u4f1a\u8ba1\u53e3\u5f84-\u65b0\u51c6\u5219-\u65e7\u51c6\u5219]
1789497602.610198	FINISH	tests/test_financial_period_kind.py::test_derive_q2_scope_mismatch[\u672c\u671f\u4f1a\u8ba1\u53e3\u5f84-\u65b0\u51c6\u5219-\u65e7\u51c6\u5219]
1789497602.610336	START	tests/test_financial_period_kind.py::test_derive_q2_scope_mismatch[\u5408\u5e76\u8303\u56f4-\u5408\u5e76-None]
1789497602.611242	FINISH	tests/test_financial_period_kind.py::test_derive_q2_scope_mismatch[\u5408\u5e76\u8303\u56f4-\u5408\u5e76-None]
1789497602.611366	START	tests/test_financial_period_kind.py::test_derive_q2_percent_only
1789497602.612235	FINISH	tests/test_financial_period_kind.py::test_derive_q2_percent_only
1789497602.612371	START	tests/test_financial_period_kind.py::test_derive_q2_balance_sheet_refused
1789497602.613020	FINISH	tests/test_financial_period_kind.py::test_derive_q2_balance_sheet_refused
1789497602.613145	START	tests/test_financial_period_kind.py::test_format_q2_derivation_block_success
1789497602.613711	FINISH	tests/test_financial_period_kind.py::test_format_q2_derivation_block_success
1789497602.613848	START	tests/test_financial_period_kind.py::test_format_q2_derivation_block_failure
1789497602.614422	FINISH	tests/test_financial_period_kind.py::test_format_q2_derivation_block_failure
1789497602.614545	START	tests/test_financial_period_kind.py::test_is_scope_comparison_column_annotated_and_amount_isolation[\u5355\u4f4d-True]
1789497602.615252	FINISH	tests/test_financial_period_kind.py::test_is_scope_comparison_column_annotated_and_amount_isolation[\u5355\u4f4d-True]
1789497602.615390	START	tests/test_financial_period_kind.py::test_is_scope_comparison_column_annotated_and_amount_isolation[\u5e01\u79cd-True]
1789497602.616030	FINISH	tests/test_financial_period_kind.py::test_is_scope_comparison_column_annotated_and_amount_isolation[\u5e01\u79cd-True]
1789497602.616162	START	tests/test_financial_period_kind.py::test_is_scope_comparison_column_annotated_and_amount_isolation[\u5408\u5e76\u8303\u56f4-True]
1789497602.616795	FINISH	tests/test_financial_period_kind.py::test_is_scope_comparison_column_annotated_and_amount_isolation[\u5408\u5e76\u8303\u56f4-True]
1789497602.616932	START	tests/test_financial_period_kind.py::test_is_scope_comparison_column_annotated_and_amount_isolation[\u4f1a\u8ba1\u53e3\u5f84-True]
1789497602.617567	FINISH	tests/test_financial_period_kind.py::test_is_scope_comparison_column_annotated_and_amount_isolation[\u4f1a\u8ba1\u53e3\u5f84-True]
1789497602.617703	START	tests/test_financial_period_kind.py::test_is_scope_comparison_column_annotated_and_amount_isolation[\u62a5\u8868\u5355\u4f4d-True]
1789497602.618427	FINISH	tests/test_financial_period_kind.py::test_is_scope_comparison_column_annotated_and_amount_isolation[\u62a5\u8868\u5355\u4f4d-True]
1789497602.618564	START	tests/test_financial_period_kind.py::test_is_scope_comparison_column_annotated_and_amount_isolation[\u62a5\u8868\u5e01\u79cd-True]
1789497602.619204	FINISH	tests/test_financial_period_kind.py::test_is_scope_comparison_column_annotated_and_amount_isolation[\u62a5\u8868\u5e01\u79cd-True]
1789497602.619336	START	tests/test_financial_period_kind.py::test_is_scope_comparison_column_annotated_and_amount_isolation[\u672c\u671f\u4f1a\u8ba1\u53e3\u5f84-True]
1789497602.619966	FINISH	tests/test_financial_period_kind.py::test_is_scope_comparison_column_annotated_and_amount_isolation[\u672c\u671f\u4f1a\u8ba1\u53e3\u5f84-True]
1789497602.620087	START	tests/test_financial_period_kind.py::test_is_scope_comparison_column_annotated_and_amount_isolation[\u5355\u4f4d\uff1a\u5143-True]
1789497602.620719	FINISH	tests/test_financial_period_kind.py::test_is_scope_comparison_column_annotated_and_amount_isolation[\u5355\u4f4d\uff1a\u5143-True]
1789497602.620854	START	tests/test_financial_period_kind.py::test_is_scope_comparison_column_annotated_and_amount_isolation[\u5355\u4f4d:\u5143-True]
1789497602.621865	FINISH	tests/test_financial_period_kind.py::test_is_scope_comparison_column_annotated_and_amount_isolation[\u5355\u4f4d:\u5143-True]
1789497602.621986	START	tests/test_financial_period_kind.py::test_is_scope_comparison_column_annotated_and_amount_isolation[\u5355\u4f4d: \u5143-True]
1789497602.622620	FINISH	tests/test_financial_period_kind.py::test_is_scope_comparison_column_annotated_and_amount_isolation[\u5355\u4f4d: \u5143-True]
1789497602.622751	START	tests/test_financial_period_kind.py::test_is_scope_comparison_column_annotated_and_amount_isolation[\u5355\u4f4d : \u5143-True]
1789497602.623381	FINISH	tests/test_financial_period_kind.py::test_is_scope_comparison_column_annotated_and_amount_isolation[\u5355\u4f4d : \u5143-True]
1789497602.623516	START	tests/test_financial_period_kind.py::test_is_scope_comparison_column_annotated_and_amount_isolation[\u5355\u4f4d\uff1a\u4e07\u5143-True]
1789497602.624157	FINISH	tests/test_financial_period_kind.py::test_is_scope_comparison_column_annotated_and_amount_isolation[\u5355\u4f4d\uff1a\u4e07\u5143-True]
1789497602.624280	START	tests/test_financial_period_kind.py::test_is_scope_comparison_column_annotated_and_amount_isolation[\u62a5\u8868\u5355\u4f4d\uff1a\u5343\u5143-True]
1789497602.624994	FINISH	tests/test_financial_period_kind.py::test_is_scope_comparison_column_annotated_and_amount_isolation[\u62a5\u8868\u5355\u4f4d\uff1a\u5343\u5143-True]
1789497602.625132	START	tests/test_financial_period_kind.py::test_is_scope_comparison_column_annotated_and_amount_isolation[\u672c\u671f\u4f1a\u8ba1\u53e3\u5f84:\u65b0\u51c6\u5219-True]
1789497602.625775	FINISH	tests/test_financial_period_kind.py::test_is_scope_comparison_column_annotated_and_amount_isolation[\u672c\u671f\u4f1a\u8ba1\u53e3\u5f84:\u65b0\u51c6\u5219-True]
1789497602.625909	START	tests/test_financial_period_kind.py::test_is_scope_comparison_column_annotated_and_amount_isolation[\u5e01\u79cd\uff08CNY\uff09-True]
1789497602.626542	FINISH	tests/test_financial_period_kind.py::test_is_scope_comparison_column_annotated_and_amount_isolation[\u5e01\u79cd\uff08CNY\uff09-True]
1789497602.626671	START	tests/test_financial_period_kind.py::test_is_scope_comparison_column_annotated_and_amount_isolation[\u5e01\u79cd(CNY)-True]
1789497602.627298	FINISH	tests/test_financial_period_kind.py::test_is_scope_comparison_column_annotated_and_amount_isolation[\u5e01\u79cd(CNY)-True]
1789497602.627433	START	tests/test_financial_period_kind.py::test_is_scope_comparison_column_annotated_and_amount_isolation[\u5e01\u79cd (CNY)-True]
1789497602.628132	FINISH	tests/test_financial_period_kind.py::test_is_scope_comparison_column_annotated_and_amount_isolation[\u5e01\u79cd (CNY)-True]
1789497602.628257	START	tests/test_financial_period_kind.py::test_is_scope_comparison_column_annotated_and_amount_isolation[\u5e01\u79cd\uff08RMB\uff09-True]
1789497602.628881	FINISH	tests/test_financial_period_kind.py::test_is_scope_comparison_column_annotated_and_amount_isolation[\u5e01\u79cd\uff08RMB\uff09-True]
1789497602.629012	START	tests/test_financial_period_kind.py::test_is_scope_comparison_column_annotated_and_amount_isolation[\u5e01\u79cd [CNY]-True]
1789497602.629649	FINISH	tests/test_financial_period_kind.py::test_is_scope_comparison_column_annotated_and_amount_isolation[\u5e01\u79cd [CNY]-True]
1789497602.629783	START	tests/test_financial_period_kind.py::test_is_scope_comparison_column_annotated_and_amount_isolation[\u5355\u4f4d(\u5143)-True]
1789497602.630424	FINISH	tests/test_financial_period_kind.py::test_is_scope_comparison_column_annotated_and_amount_isolation[\u5355\u4f4d(\u5143)-True]
1789497602.630546	START	tests/test_financial_period_kind.py::test_is_scope_comparison_column_annotated_and_amount_isolation[\u5355\u4f4d\u3010\u5143\u3011-True]
1789497602.631251	FINISH	tests/test_financial_period_kind.py::test_is_scope_comparison_column_annotated_and_amount_isolation[\u5355\u4f4d\u3010\u5143\u3011-True]
1789497602.631387	START	tests/test_financial_period_kind.py::test_is_scope_comparison_column_annotated_and_amount_isolation[\u62a5\u8868\u5e01\u79cd\uff08CNY\uff09-True]
1789497602.632011	FINISH	tests/test_financial_period_kind.py::test_is_scope_comparison_column_annotated_and_amount_isolation[\u62a5\u8868\u5e01\u79cd\uff08CNY\uff09-True]
1789497602.632137	START	tests/test_financial_period_kind.py::test_is_scope_comparison_column_annotated_and_amount_isolation[\u4f1a\u8ba1\u53e3\u5f84\uff08\u5408\u5e76\uff09-True]
1789497602.632776	FINISH	tests/test_financial_period_kind.py::test_is_scope_comparison_column_annotated_and_amount_isolation[\u4f1a\u8ba1\u53e3\u5f84\uff08\u5408\u5e76\uff09-True]
1789497602.632905	START	tests/test_financial_period_kind.py::test_is_scope_comparison_column_annotated_and_amount_isolation[\u4f1a\u8ba1\u53e3\u5f84(\u5408\u5e76)-True]
1789497602.633531	FINISH	tests/test_financial_period_kind.py::test_is_scope_comparison_column_annotated_and_amount_isolation[\u4f1a\u8ba1\u53e3\u5f84(\u5408\u5e76)-True]
1789497602.633659	START	tests/test_financial_period_kind.py::test_is_scope_comparison_column_annotated_and_amount_isolation[\u8425\u4e1a\u5355\u4f4d-False]
1789497602.634366	FINISH	tests/test_financial_period_kind.py::test_is_scope_comparison_column_annotated_and_amount_isolation[\u8425\u4e1a\u5355\u4f4d-False]
1789497602.634490	START	tests/test_financial_period_kind.py::test_is_scope_comparison_column_annotated_and_amount_isolation[\u8425\u4e1a\u5355\u4f4d\uff1a\u5143-False]
1789497602.635118	FINISH	tests/test_financial_period_kind.py::test_is_scope_comparison_column_annotated_and_amount_isolation[\u8425\u4e1a\u5355\u4f4d\uff1a\u5143-False]
1789497602.635252	START	tests/test_financial_period_kind.py::test_is_scope_comparison_column_annotated_and_amount_isolation[\u8425\u4e1a\u5355\u4f4d(\u5143)-False]
1789497602.635875	FINISH	tests/test_financial_period_kind.py::test_is_scope_comparison_column_annotated_and_amount_isolation[\u8425\u4e1a\u5355\u4f4d(\u5143)-False]
1789497602.635995	START	tests/test_financial_period_kind.py::test_is_scope_comparison_column_annotated_and_amount_isolation[\u5904\u7f6e\u5b50\u516c\u53f8\u53ca\u5176\u4ed6\u8425\u4e1a\u5355\u4f4d\u6536\u5230\u7684\u73b0\u91d1\u51c0\u989d-False]
1789497602.636619	FINISH	tests/test_financial_period_kind.py::test_is_scope_comparison_column_annotated_and_amount_isolation[\u5904\u7f6e\u5b50\u516c\u53f8\u53ca\u5176\u4ed6\u8425\u4e1a\u5355\u4f4d\u6536\u5230\u7684\u73b0\u91d1\u51c0\u989d-False]
1789497602.636746	START	tests/test_financial_period_kind.py::test_is_scope_comparison_column_annotated_and_amount_isolation[\u6309\u5e01\u79cd\u6298\u7b97\u91d1\u989d-False]
1789497602.637459	FINISH	tests/test_financial_period_kind.py::test_is_scope_comparison_column_annotated_and_amount_isolation[\u6309\u5e01\u79cd\u6298\u7b97\u91d1\u989d-False]
1789497602.637579	START	tests/test_financial_period_kind.py::test_is_scope_comparison_column_annotated_and_amount_isolation[\u8425\u4e1a\u6536\u5165-False]
1789497602.638215	FINISH	tests/test_financial_period_kind.py::test_is_scope_comparison_column_annotated_and_amount_isolation[\u8425\u4e1a\u6536\u5165-False]
1789497602.638348	START	tests/test_financial_period_kind.py::test_is_scope_comparison_column_annotated_and_amount_isolation[\u8425\u4e1a\u6536\u5165(\u5143)-False]
1789497602.638982	FINISH	tests/test_financial_period_kind.py::test_is_scope_comparison_column_annotated_and_amount_isolation[\u8425\u4e1a\u6536\u5165(\u5143)-False]
1789497602.639104	START	tests/test_financial_period_kind.py::test_is_scope_comparison_column_annotated_and_amount_isolation[\u51c0\u5229\u6da6-False]
1789497602.639721	FINISH	tests/test_financial_period_kind.py::test_is_scope_comparison_column_annotated_and_amount_isolation[\u51c0\u5229\u6da6-False]
1789497602.639840	START	tests/test_financial_period_kind.py::test_is_scope_comparison_column_annotated_and_amount_isolation[\u6bcf\u80a1\u6536\u76ca-False]
1789497602.640532	FINISH	tests/test_financial_period_kind.py::test_is_scope_comparison_column_annotated_and_amount_isolation[\u6bcf\u80a1\u6536\u76ca-False]
1789497602.640665	START	tests/test_financial_period_kind.py::test_is_scope_comparison_column_annotated_and_amount_isolation[-False]
1789497602.641285	FINISH	tests/test_financial_period_kind.py::test_is_scope_comparison_column_annotated_and_amount_isolation[-False]
1789497602.641410	START	tests/test_financial_period_kind.py::test_is_scope_comparison_column_annotated_and_amount_isolation[None-False]
1789497602.642046	FINISH	tests/test_financial_period_kind.py::test_is_scope_comparison_column_annotated_and_amount_isolation[None-False]
1789497602.642181	START	tests/test_financial_period_kind.py::test_is_scope_comparison_column_annotated_and_amount_isolation[123-False]
1789497602.642817	FINISH	tests/test_financial_period_kind.py::test_is_scope_comparison_column_annotated_and_amount_isolation[123-False]
1789497602.642939	START	tests/test_financial_period_kind.py::test_derive_q2_annotated_scope_columns_mismatch[\u5355\u4f4d\uff1a\u5143-\u5143-\u4e07\u5143]
1789497602.643932	FINISH	tests/test_financial_period_kind.py::test_derive_q2_annotated_scope_columns_mismatch[\u5355\u4f4d\uff1a\u5143-\u5143-\u4e07\u5143]
1789497602.644055	START	tests/test_financial_period_kind.py::test_derive_q2_annotated_scope_columns_mismatch[\u5355\u4f4d:\u5143-\u5143-\u4e07\u5143]
1789497602.644948	FINISH	tests/test_financial_period_kind.py::test_derive_q2_annotated_scope_columns_mismatch[\u5355\u4f4d:\u5143-\u5143-\u4e07\u5143]
1789497602.645082	START	tests/test_financial_period_kind.py::test_derive_q2_annotated_scope_columns_mismatch[\u5355\u4f4d : \u5143-\u5143-\u4e07\u5143]
1789497602.645996	FINISH	tests/test_financial_period_kind.py::test_derive_q2_annotated_scope_columns_mismatch[\u5355\u4f4d : \u5143-\u5143-\u4e07\u5143]
1789497602.646134	START	tests/test_financial_period_kind.py::test_derive_q2_annotated_scope_columns_mismatch[\u5e01\u79cd\uff08CNY\uff09-CNY-USD]
1789497602.647048	FINISH	tests/test_financial_period_kind.py::test_derive_q2_annotated_scope_columns_mismatch[\u5e01\u79cd\uff08CNY\uff09-CNY-USD]
1789497602.647185	START	tests/test_financial_period_kind.py::test_derive_q2_annotated_scope_columns_mismatch[\u5e01\u79cd(CNY)-CNY-USD]
1789497602.648165	FINISH	tests/test_financial_period_kind.py::test_derive_q2_annotated_scope_columns_mismatch[\u5e01\u79cd(CNY)-CNY-USD]
1789497602.648309	START	tests/test_financial_period_kind.py::test_derive_q2_annotated_scope_columns_mismatch[\u5e01\u79cd (CNY)-CNY-USD]
1789497602.649194	FINISH	tests/test_financial_period_kind.py::test_derive_q2_annotated_scope_columns_mismatch[\u5e01\u79cd (CNY)-CNY-USD]
1789497602.649316	START	tests/test_financial_period_kind.py::test_derive_q2_annotated_scope_columns_mismatch[\u62a5\u8868\u5355\u4f4d\uff1a\u5143-\u5143-\u4e07\u5143]
1789497602.650208	FINISH	tests/test_financial_period_kind.py::test_derive_q2_annotated_scope_columns_mismatch[\u62a5\u8868\u5355\u4f4d\uff1a\u5143-\u5143-\u4e07\u5143]
1789497602.650336	START	tests/test_financial_period_kind.py::test_derive_q2_annotated_scope_columns_mismatch[\u62a5\u8868\u5e01\u79cd\uff08CNY\uff09-CNY-USD]
1789497602.651227	FINISH	tests/test_financial_period_kind.py::test_derive_q2_annotated_scope_columns_mismatch[\u62a5\u8868\u5e01\u79cd\uff08CNY\uff09-CNY-USD]
1789497602.651363	START	tests/test_financial_period_kind.py::test_derive_q2_annotated_scope_columns_mismatch[\u4f1a\u8ba1\u53e3\u5f84\uff08\u65b0\u51c6\u5219\uff09-\u65b0\u51c6\u5219-\u65e7\u51c6\u5219]
1789497602.652331	FINISH	tests/test_financial_period_kind.py::test_derive_q2_annotated_scope_columns_mismatch[\u4f1a\u8ba1\u53e3\u5f84\uff08\u65b0\u51c6\u5219\uff09-\u65b0\u51c6\u5219-\u65e7\u51c6\u5219]
1789497602.652462	START	tests/test_financial_period_kind.py::test_derive_q2_annotated_scope_columns_mismatch[\u672c\u671f\u4f1a\u8ba1\u53e3\u5f84:\u65b0\u51c6\u5219-\u65b0\u51c6\u5219-\u65e7\u51c6\u5219]
1789497602.653358	FINISH	tests/test_financial_period_kind.py::test_derive_q2_annotated_scope_columns_mismatch[\u672c\u671f\u4f1a\u8ba1\u53e3\u5f84:\u65b0\u51c6\u5219-\u65b0\u51c6\u5219-\u65e7\u51c6\u5219]
1789497602.653495	START	tests/test_financial_period_kind.py::test_derive_q2_annotated_scope_columns_mismatch[\u5355\u4f4d\uff1a\u5143-\u5143-None]
1789497602.654428	FINISH	tests/test_financial_period_kind.py::test_derive_q2_annotated_scope_columns_mismatch[\u5355\u4f4d\uff1a\u5143-\u5143-None]
1789497602.654564	START	tests/test_financial_period_kind.py::test_derive_q2_annotated_scope_columns_mismatch[\u5e01\u79cd\uff08CNY\uff09-CNY-None]
1789497602.655457	FINISH	tests/test_financial_period_kind.py::test_derive_q2_annotated_scope_columns_mismatch[\u5e01\u79cd\uff08CNY\uff09-CNY-None]
1789497602.655595	START	tests/test_financial_period_kind.py::test_derive_q2_annotated_scope_columns_mismatch[\u5e01\u79cd(CNY)-None-CNY]
1789497602.656565	FINISH	tests/test_financial_period_kind.py::test_derive_q2_annotated_scope_columns_mismatch[\u5e01\u79cd(CNY)-None-CNY]
1789497602.656689	START	tests/test_financial_period_kind.py::test_derive_q2_annotated_scope_columns_consistent_derives_success[\u5355\u4f4d\uff1a\u5143-\u5143-\u5143]
1789497602.657594	FINISH	tests/test_financial_period_kind.py::test_derive_q2_annotated_scope_columns_consistent_derives_success[\u5355\u4f4d\uff1a\u5143-\u5143-\u5143]
1789497602.657726	START	tests/test_financial_period_kind.py::test_derive_q2_annotated_scope_columns_consistent_derives_success[\u5355\u4f4d:\u5143-\u5143-\u5143]
1789497602.658634	FINISH	tests/test_financial_period_kind.py::test_derive_q2_annotated_scope_columns_consistent_derives_success[\u5355\u4f4d:\u5143-\u5143-\u5143]
1789497602.658771	START	tests/test_financial_period_kind.py::test_derive_q2_annotated_scope_columns_consistent_derives_success[\u5e01\u79cd\uff08CNY\uff09-CNY-CNY]
1789497602.659685	FINISH	tests/test_financial_period_kind.py::test_derive_q2_annotated_scope_columns_consistent_derives_success[\u5e01\u79cd\uff08CNY\uff09-CNY-CNY]
1789497602.659808	START	tests/test_financial_period_kind.py::test_derive_q2_annotated_scope_columns_consistent_derives_success[\u5e01\u79cd(CNY)-CNY-CNY]
1789497602.660805	FINISH	tests/test_financial_period_kind.py::test_derive_q2_annotated_scope_columns_consistent_derives_success[\u5e01\u79cd(CNY)-CNY-CNY]
1789497602.660939	START	tests/test_financial_period_kind.py::test_derive_q2_annotated_scope_columns_consistent_derives_success[\u62a5\u8868\u5355\u4f4d\uff1a\u5343\u5143-\u5343\u5143-\u5343\u5143]
1789497602.661852	FINISH	tests/test_financial_period_kind.py::test_derive_q2_annotated_scope_columns_consistent_derives_success[\u62a5\u8868\u5355\u4f4d\uff1a\u5343\u5143-\u5343\u5143-\u5343\u5143]
1789497602.661989	START	tests/test_financial_period_kind.py::test_derive_q2_annotated_scope_columns_consistent_derives_success[\u672c\u671f\u4f1a\u8ba1\u53e3\u5f84:\u65b0\u51c6\u5219-\u65b0\u51c6\u5219-\u65b0\u51c6\u5219]
1789497602.662900	FINISH	tests/test_financial_period_kind.py::test_derive_q2_annotated_scope_columns_consistent_derives_success[\u672c\u671f\u4f1a\u8ba1\u53e3\u5f84:\u65b0\u51c6\u5219-\u65b0\u51c6\u5219-\u65b0\u51c6\u5219]
1789497602.663037	START	tests/test_financial_period_kind.py::test_derive_q2_operating_unit_and_amount_columns_not_treated_as_metadata
1789497602.663866	FINISH	tests/test_financial_period_kind.py::test_derive_q2_operating_unit_and_amount_columns_not_treated_as_metadata
1789497602.664004	START	tests/test_financial_period_kind.py::test_derive_q2_operating_unit_string_column_does_not_block_income_derivation
1789497602.665180	FINISH	tests/test_financial_period_kind.py::test_derive_q2_operating_unit_string_column_does_not_block_income_derivation
1789497602.665318	START	tests/test_financial_period_kind.py::test_derive_q2_identical_duplicates_fold_deterministically_order_invariant
1789497602.666557	FINISH	tests/test_financial_period_kind.py::test_derive_q2_identical_duplicates_fold_deterministically_order_invariant
1789497602.666695	START	tests/test_financial_period_kind.py::test_derive_q2_identical_duplicates_q1_and_h1_order_invariant
1789497602.668691	FINISH	tests/test_financial_period_kind.py::test_derive_q2_identical_duplicates_q1_and_h1_order_invariant
1789497602.668828	START	tests/test_financial_period_kind.py::test_derive_q2_announce_date_semantic_equality_folds
1789497602.669707	FINISH	tests/test_financial_period_kind.py::test_derive_q2_announce_date_semantic_equality_folds
1789497602.669844	START	tests/test_financial_period_kind.py::test_derive_q2_conflicting_h1_values_fail_closed_order_invariant
1789497602.671020	FINISH	tests/test_financial_period_kind.py::test_derive_q2_conflicting_h1_values_fail_closed_order_invariant
1789497602.671144	START	tests/test_financial_period_kind.py::test_derive_q2_conflicting_q1_values_fail_closed_order_invariant
1789497602.672249	FINISH	tests/test_financial_period_kind.py::test_derive_q2_conflicting_q1_values_fail_closed_order_invariant
1789497602.672391	START	tests/test_financial_period_kind.py::test_derive_q2_conflicting_scope_in_duplicate_rows_fails_closed[\u5408\u5e76\u8303\u56f4-\u5408\u5e76\u62a5\u8868-\u6bcd\u516c\u53f8\u62a5\u8868]
1789497602.673741	FINISH	tests/test_financial_period_kind.py::test_derive_q2_conflicting_scope_in_duplicate_rows_fails_closed[\u5408\u5e76\u8303\u56f4-\u5408\u5e76\u62a5\u8868-\u6bcd\u516c\u53f8\u62a5\u8868]
1789497602.673879	START	tests/test_financial_period_kind.py::test_derive_q2_conflicting_scope_in_duplicate_rows_fails_closed[\u5408\u5e76\u8303\u56f4-\u5408\u5e76\u62a5\u8868-None]
1789497602.675319	FINISH	tests/test_financial_period_kind.py::test_derive_q2_conflicting_scope_in_duplicate_rows_fails_closed[\u5408\u5e76\u8303\u56f4-\u5408\u5e76\u62a5\u8868-None]
1789497602.675462	START	tests/test_financial_period_kind.py::test_derive_q2_conflicting_scope_in_duplicate_rows_fails_closed[\u5e01\u79cd-CNY-USD]
1789497602.676799	FINISH	tests/test_financial_period_kind.py::test_derive_q2_conflicting_scope_in_duplicate_rows_fails_closed[\u5e01\u79cd-CNY-USD]
1789497602.676942	START	tests/test_financial_period_kind.py::test_derive_q2_conflicting_scope_in_duplicate_rows_fails_closed[\u5355\u4f4d-\u5143-\u4e07\u5143]
1789497602.678248	FINISH	tests/test_financial_period_kind.py::test_derive_q2_conflicting_scope_in_duplicate_rows_fails_closed[\u5355\u4f4d-\u5143-\u4e07\u5143]
1789497602.678374	START	tests/test_financial_period_kind.py::test_derive_q2_conflicting_scope_in_duplicate_rows_fails_closed[\u4f1a\u8ba1\u53e3\u5f84-\u65b0\u51c6\u5219-\u65e7\u51c6\u5219]
1789497602.679673	FINISH	tests/test_financial_period_kind.py::test_derive_q2_conflicting_scope_in_duplicate_rows_fails_closed[\u4f1a\u8ba1\u53e3\u5f84-\u65b0\u51c6\u5219-\u65e7\u51c6\u5219]
1789497602.679812	START	tests/test_financial_period_kind.py::test_derive_q2_conflicting_scope_in_duplicate_rows_fails_closed[\u5355\u4f4d\uff1a\u5143-\u5143-\u4e07\u5143]
1789497602.681192	FINISH	tests/test_financial_period_kind.py::test_derive_q2_conflicting_scope_in_duplicate_rows_fails_closed[\u5355\u4f4d\uff1a\u5143-\u5143-\u4e07\u5143]
1789497602.681329	START	tests/test_financial_period_kind.py::test_derive_q2_conflicting_scope_in_duplicate_rows_fails_closed[\u5e01\u79cd\uff08CNY\uff09-CNY-USD]
1789497602.682627	FINISH	tests/test_financial_period_kind.py::test_derive_q2_conflicting_scope_in_duplicate_rows_fails_closed[\u5e01\u79cd\uff08CNY\uff09-CNY-USD]
1789497602.682759	START	tests/test_financial_period_kind.py::test_derive_q2_conflicting_announce_dates_fail_closed
1789497602.683858	FINISH	tests/test_financial_period_kind.py::test_derive_q2_conflicting_announce_dates_fail_closed
1789497602.683981	START	tests/test_financial_period_kind.py::test_derive_q2_legal_zero_and_missing_semantics
1789497602.686058	FINISH	tests/test_financial_period_kind.py::test_derive_q2_legal_zero_and_missing_semantics
1789497602.686192	START	tests/test_financial_period_kind.py::test_derive_q2_cashflow_duplicate_conflicts_and_folding
1789497602.687511	FINISH	tests/test_financial_period_kind.py::test_derive_q2_cashflow_duplicate_conflicts_and_folding
1789497602.687648	START	tests/test_financial_period_kind.py::test_format_q2_derivation_block_duplicate_conflict
1789497602.688216	FINISH	tests/test_financial_period_kind.py::test_format_q2_derivation_block_duplicate_conflict
1789497602.688386	START	tests/test_frozen_trade_date_isolation.py::test_frozen_trade_date_fixture_contract
1789497602.690297	FINISH	tests/test_frozen_trade_date_isolation.py::test_frozen_trade_date_fixture_contract
1789497602.690430	START	tests/test_frozen_trade_date_isolation.py::test_isolation_across_simulated_natural_days[saturday]
1789497602.693598	FINISH	tests/test_frozen_trade_date_isolation.py::test_isolation_across_simulated_natural_days[saturday]
1789497602.693744	START	tests/test_frozen_trade_date_isolation.py::test_isolation_across_simulated_natural_days[sunday]
1789497602.697276	FINISH	tests/test_frozen_trade_date_isolation.py::test_isolation_across_simulated_natural_days[sunday]
1789497602.697416	START	tests/test_frozen_trade_date_isolation.py::test_isolation_across_simulated_natural_days[national_holiday]
1789497602.700369	FINISH	tests/test_frozen_trade_date_isolation.py::test_isolation_across_simulated_natural_days[national_holiday]
1789497602.700500	START	tests/test_frozen_trade_date_isolation.py::test_isolation_across_simulated_natural_days[intraday_session]
1789497602.703412	FINISH	tests/test_frozen_trade_date_isolation.py::test_isolation_across_simulated_natural_days[intraday_session]
1789497602.703585	START	tests/test_fund_flow_dispute_tie.py::test_is_conflicting_fund_flow_dispute_detects_in_out_and_absorption
1789497602.704168	FINISH	tests/test_fund_flow_dispute_tie.py::test_is_conflicting_fund_flow_dispute_detects_in_out_and_absorption
1789497602.704307	START	tests/test_fund_flow_dispute_tie.py::test_conflicting_fund_flow_dispute_forced_to_tie
1789497602.705142	FINISH	tests/test_fund_flow_dispute_tie.py::test_conflicting_fund_flow_dispute_forced_to_tie
1789497602.705264	START	tests/test_fund_flow_dispute_tie.py::test_conflicting_fund_flow_low_position_tie_passes_consistency
1789497602.705979	FINISH	tests/test_fund_flow_dispute_tie.py::test_conflicting_fund_flow_low_position_tie_passes_consistency
1789497602.706111	START	tests/test_fund_flow_dispute_tie.py::test_conflicting_fund_flow_high_position_tie_blocks_trader
1789497602.706845	FINISH	tests/test_fund_flow_dispute_tie.py::test_conflicting_fund_flow_high_position_tie_blocks_trader
1789497602.707005	START	tests/test_fund_flow_evidence.py::test_sina_evidence_preserves_semantics_sign_and_exact_yi_conversion
1789497602.707594	FINISH	tests/test_fund_flow_evidence.py::test_sina_evidence_preserves_semantics_sign_and_exact_yi_conversion
1789497602.707717	START	tests/test_fund_flow_evidence.py::test_002167_five_day_sum_does_not_round_or_shift_decimal
1789497602.709211	FINISH	tests/test_fund_flow_evidence.py::test_002167_five_day_sum_does_not_round_or_shift_decimal
1789497602.709337	START	tests/test_fund_flow_evidence.py::test_model_summary_mismatch_is_explicit
1789497602.710152	FINISH	tests/test_fund_flow_evidence.py::test_model_summary_mismatch_is_explicit
1789497602.710274	START	tests/test_fund_flow_evidence.py::test_model_total_parser_keeps_field_semantics_separate
1789497602.710843	FINISH	tests/test_fund_flow_evidence.py::test_model_total_parser_keeps_field_semantics_separate
1789497602.710970	START	tests/test_fund_flow_evidence.py::test_single_eastmoney_source_is_selected_without_consensus_gate
1789497602.711582	FINISH	tests/test_fund_flow_evidence.py::test_single_eastmoney_source_is_selected_without_consensus_gate
1789497602.711701	START	tests/test_fund_flow_evidence.py::test_invalid_eastmoney_then_ths_source_is_selected
1789497602.712418	FINISH	tests/test_fund_flow_evidence.py::test_invalid_eastmoney_then_ths_source_is_selected
1789497602.712552	START	tests/test_fund_flow_evidence.py::test_tushare_date_mismatch_is_skipped_before_lower_priority_source
1789497602.713191	FINISH	tests/test_fund_flow_evidence.py::test_tushare_date_mismatch_is_skipped_before_lower_priority_source
1789497602.713312	START	tests/test_fund_flow_evidence.py::test_conflicting_ths_side_value_never_overrides_eastmoney_priority
1789497602.713947	FINISH	tests/test_fund_flow_evidence.py::test_conflicting_ths_side_value_never_overrides_eastmoney_priority
1789497602.714074	START	tests/test_fund_flow_evidence.py::test_incomparable_fields_em_r0_net_and_ths_netamount_both_valid_allows_r0_direction
1789497602.714734	FINISH	tests/test_fund_flow_evidence.py::test_incomparable_fields_em_r0_net_and_ths_netamount_both_valid_allows_r0_direction
1789497602.714870	START	tests/test_fund_flow_evidence.py::test_single_valid_field_multiple_sources_same_field_allows_direction
1789497602.715590	FINISH	tests/test_fund_flow_evidence.py::test_single_valid_field_multiple_sources_same_field_allows_direction
1789497602.715713	START	tests/test_fund_flow_evidence.py::test_em_invalid_ths_netamount_valid_allows_direction
1789497602.716357	FINISH	tests/test_fund_flow_evidence.py::test_em_invalid_ths_netamount_valid_allows_direction
1789497602.716491	START	tests/test_fund_flow_evidence.py::test_legacy_is_allowed_only_as_explicit_fallback
1789497602.717116	FINISH	tests/test_fund_flow_evidence.py::test_legacy_is_allowed_only_as_explicit_fallback
1789497602.717250	START	tests/test_fund_flow_evidence.py::test_all_invalid_sources_are_blocked_with_rejection_chain
1789497602.717867	FINISH	tests/test_fund_flow_evidence.py::test_all_invalid_sources_are_blocked_with_rejection_chain
1789497602.718005	START	tests/test_fund_flow_evidence.py::test_selected_field_validation_does_not_require_missing_complementary_field
1789497602.718688	FINISH	tests/test_fund_flow_evidence.py::test_selected_field_validation_does_not_require_missing_complementary_field
1789497602.718807	START	tests/test_fund_flow_evidence.py::test_validation_uses_selected_source_only_when_side_evidence_is_present
1789497602.719422	FINISH	tests/test_fund_flow_evidence.py::test_validation_uses_selected_source_only_when_side_evidence_is_present
1789497602.719542	START	tests/test_fund_flow_evidence.py::test_missing_measurement_date_is_not_fabricated_from_as_of
1789497602.720121	FINISH	tests/test_fund_flow_evidence.py::test_missing_measurement_date_is_not_fabricated_from_as_of
1789497602.720263	START	tests/test_fund_flow_evidence.py::test_extreme_finite_decimal_is_rejected_and_does_not_abort_selection
1789497602.720899	FINISH	tests/test_fund_flow_evidence.py::test_extreme_finite_decimal_is_rejected_and_does_not_abort_selection
1789497602.721036	START	tests/test_fund_flow_evidence.py::test_component_only_field_cannot_authorize_direction
1789497602.721706	FINISH	tests/test_fund_flow_evidence.py::test_component_only_field_cannot_authorize_direction
1789497602.721844	START	tests/test_fund_flow_evidence.py::test_model_parser_does_not_duplicate_main_force_net_as_total_net
1789497602.722415	FINISH	tests/test_fund_flow_evidence.py::test_model_parser_does_not_duplicate_main_force_net_as_total_net
1789497602.722551	START	tests/test_fund_flow_evidence.py::test_five_eastmoney_daily_records_selects_target_day_1d_value_and_direction
1789497602.723269	FINISH	tests/test_fund_flow_evidence.py::test_five_eastmoney_daily_records_selects_target_day_1d_value_and_direction
1789497602.723390	START	tests/test_fund_flow_evidence.py::test_independent_five_day_summary_is_separate_and_does_not_pollute_1d_selection
1789497602.724084	FINISH	tests/test_fund_flow_evidence.py::test_independent_five_day_summary_is_separate_and_does_not_pollute_1d_selection
1789497602.724208	START	tests/test_fund_flow_evidence.py::test_single_tushare_dc_source_allows_direction_despite_insufficient_sources_consensus_audit
1789497602.724891	FINISH	tests/test_fund_flow_evidence.py::test_single_tushare_dc_source_allows_direction_despite_insufficient_sources_consensus_audit
1789497602.725019	START	tests/test_fund_flow_evidence.py::test_dc_r0_net_and_ths_netamount_opposite_directions_selects_dc_without_cross_field_conflict
1789497602.725681	FINISH	tests/test_fund_flow_evidence.py::test_dc_r0_net_and_ths_netamount_opposite_directions_selects_dc_without_cross_field_conflict
1789497602.725809	START	tests/test_fund_flow_evidence.py::test_ths_netamount_only_allows_total_fund_flow_direction_summary
1789497602.726433	FINISH	tests/test_fund_flow_evidence.py::test_ths_netamount_only_allows_total_fund_flow_direction_summary
1789497602.726569	START	tests/test_fund_flow_evidence.py::test_model_text_mistaking_five_day_sum_as_daily_value_is_blocked_by_validation
1789497602.727331	FINISH	tests/test_fund_flow_evidence.py::test_model_text_mistaking_five_day_sum_as_daily_value_is_blocked_by_validation
1789497602.727467	START	tests/test_fund_flow_evidence.py::test_model_parser_does_not_extract_netamount_from_main_force_clauses
1789497602.728160	FINISH	tests/test_fund_flow_evidence.py::test_model_parser_does_not_extract_netamount_from_main_force_clauses
1789497602.728300	START	tests/test_fund_flow_evidence.py::test_validate_model_summary_single_source_r0_net_with_model_text_is_matched
1789497602.728954	FINISH	tests/test_fund_flow_evidence.py::test_validate_model_summary_single_source_r0_net_with_model_text_is_matched
1789497602.729089	START	tests/test_fund_flow_evidence.py::test_validate_model_summary_does_not_block_when_extra_netamount_is_unverifiable
1789497602.729757	FINISH	tests/test_fund_flow_evidence.py::test_validate_model_summary_does_not_block_when_extra_netamount_is_unverifiable
1789497602.729880	START	tests/test_fund_flow_evidence.py::test_model_total_net_does_not_impersonate_main_force_and_does_not_block_selected_r0_net
1789497602.730535	FINISH	tests/test_fund_flow_evidence.py::test_model_total_net_does_not_impersonate_main_force_and_does_not_block_selected_r0_net
1789497602.730669	START	tests/test_fund_flow_evidence.py::test_model_r0_net_diff_exceeding_tolerance_is_mismatched
1789497602.731390	FINISH	tests/test_fund_flow_evidence.py::test_model_r0_net_diff_exceeding_tolerance_is_mismatched
1789497602.731534	START	tests/test_fund_flow_lg_credibility.py::test_ths_buy_lg_amount_produces_r0_net_evidence_alongside_dc
1789497602.732697	FINISH	tests/test_fund_flow_lg_credibility.py::test_ths_buy_lg_amount_produces_r0_net_evidence_alongside_dc
1789497602.732836	START	tests/test_fund_flow_lg_credibility.py::test_dc_r0_net_and_ths_netamount_coexist_allows_direction_no_incomparable_block
1789497602.733511	FINISH	tests/test_fund_flow_lg_credibility.py::test_dc_r0_net_and_ths_netamount_coexist_allows_direction_no_incomparable_block
1789497602.733646	START	tests/test_fund_flow_lg_credibility.py::test_large_order_credibility_concordant_higher_than_single_source
1789497602.734301	FINISH	tests/test_fund_flow_lg_credibility.py::test_large_order_credibility_concordant_higher_than_single_source
1789497602.734424	START	tests/test_fund_flow_lg_credibility.py::test_large_order_credibility_divergent_lower_with_divergence_details
1789497602.734989	FINISH	tests/test_fund_flow_lg_credibility.py::test_large_order_credibility_divergent_lower_with_divergence_details
1789497602.735121	START	tests/test_fund_flow_lg_credibility.py::test_smart_money_dual_source_lg_reference_report_retained_not_empty_shell
1789497602.737111	FINISH	tests/test_fund_flow_lg_credibility.py::test_smart_money_dual_source_lg_reference_report_retained_not_empty_shell
1789497602.737255	START	tests/test_fund_flow_lg_credibility.py::test_smart_money_netamount_only_still_blocks_main_force_accumulation_claims
1789497602.738896	FINISH	tests/test_fund_flow_lg_credibility.py::test_smart_money_netamount_only_still_blocks_main_force_accumulation_claims
1789497602.739066	START	tests/test_fund_flow_scale_collector.py::TestFundFlowScaleCollectorNormalCircMv::test_normal_circ_mv_ratio_calculated_and_hung
1789497602.806282	FINISH	tests/test_fund_flow_scale_collector.py::TestFundFlowScaleCollectorNormalCircMv::test_normal_circ_mv_ratio_calculated_and_hung
1789497602.806496	START	tests/test_fund_flow_scale_collector.py::TestFundFlowScaleCollectorAmountUnitContract::test_amount_without_unit_omits_turnover_ratio_and_records_gap
1789497602.840707	FINISH	tests/test_fund_flow_scale_collector.py::TestFundFlowScaleCollectorAmountUnitContract::test_amount_without_unit_omits_turnover_ratio_and_records_gap
1789497602.840943	START	tests/test_fund_flow_scale_collector.py::TestFundFlowScaleCollectorAmountUnitContract::test_amount_with_explicit_unit_calculates_both_ratios
1789497602.874031	FINISH	tests/test_fund_flow_scale_collector.py::TestFundFlowScaleCollectorAmountUnitContract::test_amount_with_explicit_unit_calculates_both_ratios
1789497602.874258	START	tests/test_fund_flow_scale_collector.py::TestFundFlowScaleCollectorDailyBasicFailures::test_daily_basic_token_missing_explicit_gap_not_zero_ratio
1789497602.982120	FINISH	tests/test_fund_flow_scale_collector.py::TestFundFlowScaleCollectorDailyBasicFailures::test_daily_basic_token_missing_explicit_gap_not_zero_ratio
1789497602.982363	START	tests/test_fund_flow_scale_collector.py::TestFundFlowScaleCollectorDailyBasicFailures::test_daily_basic_permission_denied_explicit_gap
1789497603.016595	FINISH	tests/test_fund_flow_scale_collector.py::TestFundFlowScaleCollectorDailyBasicFailures::test_daily_basic_permission_denied_explicit_gap
1789497603.016831	START	tests/test_fund_flow_scale_collector.py::TestFundFlowScaleCollectorDailyBasicFailures::test_daily_basic_provider_unavailable_in_registry
1789497603.061264	FINISH	tests/test_fund_flow_scale_collector.py::TestFundFlowScaleCollectorDailyBasicFailures::test_daily_basic_provider_unavailable_in_registry
1789497603.061490	START	tests/test_fund_flow_scale_collector.py::TestFundFlowScaleCollectorDailyBasicFailures::test_daily_basic_exception_gracefully_handled
1789497603.096322	FINISH	tests/test_fund_flow_scale_collector.py::TestFundFlowScaleCollectorDailyBasicFailures::test_daily_basic_exception_gracefully_handled
1789497603.096567	START	tests/test_fund_flow_scale_collector.py::TestFundFlowScaleCollectorZeroNetAmount::test_net_amount_zero_int_computes_zero_ratio
1789497603.130153	FINISH	tests/test_fund_flow_scale_collector.py::TestFundFlowScaleCollectorZeroNetAmount::test_net_amount_zero_int_computes_zero_ratio
1789497603.130386	START	tests/test_fund_flow_scale_collector.py::TestFundFlowScaleCollectorZeroNetAmount::test_net_amount_decimal_zero_computes_zero_ratio
1789497603.241545	FINISH	tests/test_fund_flow_scale_collector.py::TestFundFlowScaleCollectorZeroNetAmount::test_net_amount_decimal_zero_computes_zero_ratio
1789497603.241807	START	tests/test_fund_flow_scale_collector.py::TestFundFlowScaleCollectorZeroNetAmount::test_net_amount_missing_records_gap
1789497603.276024	FINISH	tests/test_fund_flow_scale_collector.py::TestFundFlowScaleCollectorZeroNetAmount::test_net_amount_missing_records_gap
1789497603.276261	START	tests/test_fund_flow_scale_collector.py::TestFundFlowScaleCollectorCrossDateAndSecurity::test_cross_trade_date_rejected_by_pure_function
1789497603.309838	FINISH	tests/test_fund_flow_scale_collector.py::TestFundFlowScaleCollectorCrossDateAndSecurity::test_cross_trade_date_rejected_by_pure_function
1789497603.310065	START	tests/test_fund_flow_scale_collector.py::TestFundFlowScaleCollectorCrossDateAndSecurity::test_cross_security_rejected_by_pure_function
1789497603.344068	FINISH	tests/test_fund_flow_scale_collector.py::TestFundFlowScaleCollectorCrossDateAndSecurity::test_cross_security_rejected_by_pure_function
1789497603.344281	START	tests/test_fund_flow_scale_collector.py::TestFundFlowScaleCollectorDenominatorSanity::test_zero_circ_mv_rejected
1789497603.457290	FINISH	tests/test_fund_flow_scale_collector.py::TestFundFlowScaleCollectorDenominatorSanity::test_zero_circ_mv_rejected
1789497603.457506	START	tests/test_fund_flow_scale_collector.py::TestFundFlowScaleCollectorDenominatorSanity::test_negative_circ_mv_rejected
1789497603.491550	FINISH	tests/test_fund_flow_scale_collector.py::TestFundFlowScaleCollectorDenominatorSanity::test_negative_circ_mv_rejected
1789497603.491785	START	tests/test_fund_flow_scale_collector.py::TestFundFlowScaleCollectorNeutralityAndIntegration::test_neutrality_no_strength_ranking_in_output
1789497603.525702	FINISH	tests/test_fund_flow_scale_collector.py::TestFundFlowScaleCollectorNeutralityAndIntegration::test_neutrality_no_strength_ranking_in_output
1789497603.525939	START	tests/test_fund_flow_scale_collector.py::TestFundFlowScaleCollectorNeutralityAndIntegration::test_data_collector_class_collect_integration
1789497603.568937	FINISH	tests/test_fund_flow_scale_collector.py::TestFundFlowScaleCollectorNeutralityAndIntegration::test_data_collector_class_collect_integration
1789497603.569174	START	tests/test_fund_flow_scale_collector.py::TestFundFlowScaleCollectorJsonSerialization::test_normal_collector_output_json_serializable_and_sqlite_bindable
1789497603.682017	FINISH	tests/test_fund_flow_scale_collector.py::TestFundFlowScaleCollectorJsonSerialization::test_normal_collector_output_json_serializable_and_sqlite_bindable
1789497603.682251	START	tests/test_fund_flow_scale_collector.py::TestFundFlowScaleCollectorJsonSerialization::test_zero_net_amount_json_serializable_and_sqlite_bindable
1789497603.717615	FINISH	tests/test_fund_flow_scale_collector.py::TestFundFlowScaleCollectorJsonSerialization::test_zero_net_amount_json_serializable_and_sqlite_bindable
1789497603.717851	START	tests/test_fund_flow_scale_collector.py::TestFundFlowScaleCollectorJsonSerialization::test_missing_denominator_json_serializable_and_sqlite_bindable
1789497603.751490	FINISH	tests/test_fund_flow_scale_collector.py::TestFundFlowScaleCollectorJsonSerialization::test_missing_denominator_json_serializable_and_sqlite_bindable
1789497603.751704	START	tests/test_fund_flow_scale_collector.py::TestFundFlowScaleCollectorJsonSerialization::test_missing_amount_unit_json_serializable_and_sqlite_bindable
1789497603.785311	FINISH	tests/test_fund_flow_scale_collector.py::TestFundFlowScaleCollectorJsonSerialization::test_missing_amount_unit_json_serializable_and_sqlite_bindable
1789497603.785529	START	tests/test_fund_flow_scale_collector.py::TestFundFlowScaleCollectorJsonSerialization::test_default_market_data_context_json_serializable
1789497603.786376	FINISH	tests/test_fund_flow_scale_collector.py::TestFundFlowScaleCollectorJsonSerialization::test_default_market_data_context_json_serializable
1789497603.786524	START	tests/test_fund_flow_scale_collector.py::TestFundFlowScaleCollectorJsonSerialization::test_unknown_type_raises_type_error_no_default_str_masking
1789497603.787369	FINISH	tests/test_fund_flow_scale_collector.py::TestFundFlowScaleCollectorJsonSerialization::test_unknown_type_raises_type_error_no_default_str_masking
1789497603.787540	START	tests/test_fund_flow_scale_consumption.py::TestFundFlowScalePersistenceAndReadback::test_single_horizon_report_persists_and_reads_all_scale_fields
