1789496406.311357	configure	pid=96547 argv=/Users/davidliu/Documents/TradingAgents-AShare/.venv310/lib/python3.10/site-packages/pytest/__main__.py -q -p no:randomly -p dav990_probe tests/test_api_smoke.py tests/test_evidence_relations.py tests/test_evidence_summary.py tests/test_evidence_verifier_fairness.py tests/test_expectation_revision_contract.py tests/test_financial_announce_cutoff.py tests/test_financial_as_of.py tests/test_financial_period_compliance.py tests/test_financial_period_kind.py tests/test_frozen_trade_date_isolation.py tests/test_fund_flow_dispute_tie.py tests/test_fund_flow_evidence.py tests/test_fund_flow_lg_credibility.py tests/test_fund_flow_scale_collector.py tests/test_fund_flow_scale_consumption.py tests/test_fund_flow_scale_metrics.py tests/test_fundamentals_analyst.py tests/test_game_theory_integration.py::test_rt7_single_and_dual_horizon_isolation
1789496409.251736	START	tests/test_api_smoke.py::TestAnalyzeRequestSchema::test_query_field_exists_and_optional
1789496409.364219	FINISH	tests/test_api_smoke.py::TestAnalyzeRequestSchema::test_query_field_exists_and_optional
1789496409.364461	START	tests/test_api_smoke.py::TestAnalyzeRequestSchema::test_query_field_accepts_string
1789496409.365661	FINISH	tests/test_api_smoke.py::TestAnalyzeRequestSchema::test_query_field_accepts_string
1789496409.365840	START	tests/test_api_smoke.py::TestAnalyzeRequestSchema::test_symbol_is_optional
1789496409.366675	FINISH	tests/test_api_smoke.py::TestAnalyzeRequestSchema::test_symbol_is_optional
1789496409.366822	START	tests/test_api_smoke.py::TestAnalyzeRequestSchema::test_dry_run_defaults_false
1789496409.367479	FINISH	tests/test_api_smoke.py::TestAnalyzeRequestSchema::test_dry_run_defaults_false
1789496409.367621	START	tests/test_api_smoke.py::TestAnalyzeEndpoint::test_dry_run_completes
1789496409.529615	FINISH	tests/test_api_smoke.py::TestAnalyzeEndpoint::test_dry_run_completes
1789496409.530601	START	tests/test_api_smoke.py::TestAnalyzeEndpoint::test_query_field_accepted_with_dry_run
1789496409.560266	FINISH	tests/test_api_smoke.py::TestAnalyzeEndpoint::test_query_field_accepted_with_dry_run
1789496409.560494	START	tests/test_api_smoke.py::TestAnalyzeEndpoint::test_missing_symbol_accepted_by_schema
1789496409.580712	FINISH	tests/test_api_smoke.py::TestAnalyzeEndpoint::test_missing_symbol_accepted_by_schema
1789496409.580924	START	tests/test_api_smoke.py::TestAnalyzeEndpoint::test_unauthenticated_uses_local_default_user_fixture
1789496409.601557	FINISH	tests/test_api_smoke.py::TestAnalyzeEndpoint::test_unauthenticated_uses_local_default_user_fixture
1789496409.601743	START	tests/test_api_smoke.py::TestAnalyzeEndpoint::test_missing_auth_rejected_without_default_user_fixture
1789496409.614850	FINISH	tests/test_api_smoke.py::TestAnalyzeEndpoint::test_missing_auth_rejected_without_default_user_fixture
1789496409.615040	START	tests/test_api_smoke.py::TestAnalyzeEndpoint::test_unauthenticated_real_fallback_uses_production_default_user
1789496409.638704	FINISH	tests/test_api_smoke.py::TestAnalyzeEndpoint::test_unauthenticated_real_fallback_uses_production_default_user
1789496409.639054	START	tests/test_api_smoke.py::TestAnalyzeEndpoint::test_selected_analysts_field
1789496409.665512	FINISH	tests/test_api_smoke.py::TestAnalyzeEndpoint::test_selected_analysts_field
1789496409.665730	START	tests/test_api_smoke.py::TestAnalyzeEndpoint::test_dry_run_merges_imported_position_context_for_manual_analysis
1789496409.696743	FINISH	tests/test_api_smoke.py::TestAnalyzeEndpoint::test_dry_run_merges_imported_position_context_for_manual_analysis
1789496409.696984	START	tests/test_api_smoke.py::TestChatCompletionsEndpoint::test_unrecognizable_stock_returns_error
1789496409.716438	FINISH	tests/test_api_smoke.py::TestChatCompletionsEndpoint::test_unrecognizable_stock_returns_error
1789496409.716673	START	tests/test_api_smoke.py::TestChatCompletionsEndpoint::test_valid_stock_dry_run_creates_job
1789496409.744239	FINISH	tests/test_api_smoke.py::TestChatCompletionsEndpoint::test_valid_stock_dry_run_creates_job
1789496409.744435	START	tests/test_api_smoke.py::TestChatCompletionsEndpoint::test_unauthenticated_uses_local_default_user_fixture
1789496411.447423	FINISH	tests/test_api_smoke.py::TestChatCompletionsEndpoint::test_unauthenticated_uses_local_default_user_fixture
1789496411.447952	START	tests/test_api_smoke.py::TestRuntimeIdentity::test_build_runtime_identity_uses_safe_public_identity
1789496411.452184	FINISH	tests/test_api_smoke.py::TestRuntimeIdentity::test_build_runtime_identity_uses_safe_public_identity
1789496411.452424	START	tests/test_api_smoke.py::TestRuntimeIdentity::test_build_runtime_identity_keeps_version_separate_when_sha_missing
1789496411.454468	FINISH	tests/test_api_smoke.py::TestRuntimeIdentity::test_build_runtime_identity_keeps_version_separate_when_sha_missing
1789496411.454698	START	tests/test_api_smoke.py::TestRuntimeIdentity::test_resolve_runtime_commit_sha_accepts_7_to_64_hex[short]
1789496411.458002	FINISH	tests/test_api_smoke.py::TestRuntimeIdentity::test_resolve_runtime_commit_sha_accepts_7_to_64_hex[short]
1789496411.458751	START	tests/test_api_smoke.py::TestRuntimeIdentity::test_resolve_runtime_commit_sha_accepts_7_to_64_hex[sha1]
1789496411.460461	FINISH	tests/test_api_smoke.py::TestRuntimeIdentity::test_resolve_runtime_commit_sha_accepts_7_to_64_hex[sha1]
1789496411.460651	START	tests/test_api_smoke.py::TestRuntimeIdentity::test_resolve_runtime_commit_sha_accepts_7_to_64_hex[sha256]
1789496411.462723	FINISH	tests/test_api_smoke.py::TestRuntimeIdentity::test_resolve_runtime_commit_sha_accepts_7_to_64_hex[sha256]
1789496411.462880	START	tests/test_api_smoke.py::TestRuntimeIdentity::test_resolve_runtime_commit_sha_returns_unknown_on_git_failure[git-missing]
1789496411.464257	FINISH	tests/test_api_smoke.py::TestRuntimeIdentity::test_resolve_runtime_commit_sha_returns_unknown_on_git_failure[git-missing]
1789496411.464408	START	tests/test_api_smoke.py::TestRuntimeIdentity::test_resolve_runtime_commit_sha_returns_unknown_on_git_failure[not-a-checkout]
1789496411.466706	FINISH	tests/test_api_smoke.py::TestRuntimeIdentity::test_resolve_runtime_commit_sha_returns_unknown_on_git_failure[not-a-checkout]
1789496411.466861	START	tests/test_api_smoke.py::TestRuntimeIdentity::test_resolve_runtime_commit_sha_returns_unknown_on_git_failure[git-timeout]
1789496411.468227	FINISH	tests/test_api_smoke.py::TestRuntimeIdentity::test_resolve_runtime_commit_sha_returns_unknown_on_git_failure[git-timeout]
1789496411.468377	START	tests/test_api_smoke.py::TestRuntimeIdentity::test_resolve_runtime_commit_sha_returns_unknown_for_invalid_output
1789496411.469816	FINISH	tests/test_api_smoke.py::TestRuntimeIdentity::test_resolve_runtime_commit_sha_returns_unknown_for_invalid_output
1789496411.469956	START	tests/test_api_smoke.py::TestRuntimeIdentity::test_resolve_runtime_commit_sha_ignores_ambient_git_dir
1789496411.489677	FINISH	tests/test_api_smoke.py::TestRuntimeIdentity::test_resolve_runtime_commit_sha_ignores_ambient_git_dir
1789496411.489984	START	tests/test_api_smoke.py::TestRuntimeIdentity::test_healthz_exposes_unknown_when_git_metadata_is_missing
1789496411.496017	FINISH	tests/test_api_smoke.py::TestRuntimeIdentity::test_healthz_exposes_unknown_when_git_metadata_is_missing
1789496411.496193	START	tests/test_api_smoke.py::TestRuntimeIdentity::test_runtime_identity_is_cached
1789496411.497243	FINISH	tests/test_api_smoke.py::TestRuntimeIdentity::test_runtime_identity_is_cached
1789496411.497386	START	tests/test_api_smoke.py::TestRuntimeIdentity::test_lifespan_can_restart_on_same_event_loop
1789496411.511541	FINISH	tests/test_api_smoke.py::TestRuntimeIdentity::test_lifespan_can_restart_on_same_event_loop
1789496411.511870	START	tests/test_api_smoke.py::TestRuntimeIdentity::test_lifespan_logs_same_safe_identity_as_healthz
1789496411.550125	FINISH	tests/test_api_smoke.py::TestRuntimeIdentity::test_lifespan_logs_same_safe_identity_as_healthz
1789496411.550413	START	tests/test_api_smoke.py::TestOpenAPISchema::test_analyze_request_has_query_field
1789496411.738165	FINISH	tests/test_api_smoke.py::TestOpenAPISchema::test_analyze_request_has_query_field
1789496411.738399	START	tests/test_api_smoke.py::TestOpenAPISchema::test_analyze_request_symbol_not_required
1789496411.741964	FINISH	tests/test_api_smoke.py::TestOpenAPISchema::test_analyze_request_symbol_not_required
1789496411.742123	START	tests/test_api_smoke.py::TestOpenAPISchema::test_healthz
1789496411.744022	FINISH	tests/test_api_smoke.py::TestOpenAPISchema::test_healthz
1789496411.744170	START	tests/test_api_smoke.py::TestRuntimeConfigWarmup::test_model_change_schedules_warmup
1789496411.760648	FINISH	tests/test_api_smoke.py::TestRuntimeConfigWarmup::test_model_change_schedules_warmup
1789496411.760869	START	tests/test_api_smoke.py::TestRuntimeConfigWarmup::test_non_model_change_skips_warmup
1789496411.773077	FINISH	tests/test_api_smoke.py::TestRuntimeConfigWarmup::test_non_model_change_skips_warmup
1789496411.773302	START	tests/test_api_smoke.py::TestRuntimeConfigWarmup::test_api_key_is_probed_before_save
1789496411.789098	FINISH	tests/test_api_smoke.py::TestRuntimeConfigWarmup::test_api_key_is_probed_before_save
1789496411.789325	START	tests/test_api_smoke.py::TestRuntimeConfigWarmup::test_invalid_api_key_is_rejected_before_save
1789496411.800064	FINISH	tests/test_api_smoke.py::TestRuntimeConfigWarmup::test_invalid_api_key_is_rejected_before_save
1789496411.800288	START	tests/test_api_smoke.py::TestRuntimeConfigWarmup::test_force_warmup_schedules_even_without_model_change
1789496411.812507	FINISH	tests/test_api_smoke.py::TestRuntimeConfigWarmup::test_force_warmup_schedules_even_without_model_change
1789496411.812711	START	tests/test_api_smoke.py::TestRuntimeConfigWarmup::test_manual_warmup_returns_model_reply
1789496411.822490	FINISH	tests/test_api_smoke.py::TestRuntimeConfigWarmup::test_manual_warmup_returns_model_reply
1789496411.822694	START	tests/test_api_smoke.py::TestRuntimeConfigWarmup::test_manual_warmup_surfaces_upstream_error
1789496411.831731	FINISH	tests/test_api_smoke.py::TestRuntimeConfigWarmup::test_manual_warmup_surfaces_upstream_error
1789496411.831934	START	tests/test_api_smoke.py::TestWecomRuntimeConfig::test_config_returns_masked_webhook_and_toggle_state
1789496411.845916	FINISH	tests/test_api_smoke.py::TestWecomRuntimeConfig::test_config_returns_masked_webhook_and_toggle_state
1789496411.846126	START	tests/test_api_smoke.py::TestWecomRuntimeConfig::test_wecom_warmup_uses_stored_webhook_when_input_missing
1789496411.859306	FINISH	tests/test_api_smoke.py::TestWecomRuntimeConfig::test_wecom_warmup_uses_stored_webhook_when_input_missing
1789496411.860088	START	tests/test_api_smoke.py::TestWecomRuntimeConfig::test_inline_wecom_warmup_does_not_persist_unsaved_webhook
1789496411.870235	FINISH	tests/test_api_smoke.py::TestWecomRuntimeConfig::test_inline_wecom_warmup_does_not_persist_unsaved_webhook
1789496411.870437	START	tests/test_api_smoke.py::TestWecomRuntimeConfig::test_invalid_wecom_url_is_rejected
1789496411.876694	FINISH	tests/test_api_smoke.py::TestWecomRuntimeConfig::test_invalid_wecom_url_is_rejected
1789496411.876893	START	tests/test_api_smoke.py::TestWatchlistAddEndpoint::test_batch_add_supports_codes_and_full_names
1789496411.891847	FINISH	tests/test_api_smoke.py::TestWatchlistAddEndpoint::test_batch_add_supports_codes_and_full_names
1789496411.892070	START	tests/test_api_smoke.py::TestWatchlistAddEndpoint::test_batch_add_marks_duplicates
1789496411.901680	FINISH	tests/test_api_smoke.py::TestWatchlistAddEndpoint::test_batch_add_marks_duplicates
1789496411.901930	START	tests/test_api_smoke.py::TestReportsEndpoint::test_report_names_recover_after_failed_cache_and_match_between_list_and_detail
1789496415.727420	FINISH	tests/test_api_smoke.py::TestReportsEndpoint::test_report_names_recover_after_failed_cache_and_match_between_list_and_detail
1789496415.727773	START	tests/test_api_smoke.py::TestReportsEndpoint::test_latest_by_symbols_returns_only_each_symbol_latest_report
1789496424.836056	FINISH	tests/test_api_smoke.py::TestReportsEndpoint::test_latest_by_symbols_returns_only_each_symbol_latest_report
1789496424.836530	START	tests/test_api_smoke.py::TestReportsEndpoint::test_batch_delete_endpoint_removes_multiple_reports
1789496440.427587	FINISH	tests/test_api_smoke.py::TestReportsEndpoint::test_batch_delete_endpoint_removes_multiple_reports
1789496440.427930	START	tests/test_api_smoke.py::TestPortfolioOverviewEndpoint::test_overview_returns_watchlist_scheduled_portfolio_and_latest_reports
1789496452.296400	FINISH	tests/test_api_smoke.py::TestPortfolioOverviewEndpoint::test_overview_returns_watchlist_scheduled_portfolio_and_latest_reports
1789496452.296818	START	tests/test_api_smoke.py::TestPortfolioOverviewEndpoint::test_overview_resolves_names_with_cold_stock_map
1789496452.312763	FINISH	tests/test_api_smoke.py::TestPortfolioOverviewEndpoint::test_overview_resolves_names_with_cold_stock_map
1789496452.312973	START	tests/test_api_smoke.py::TestScheduledBatchEndpoints::test_batch_update_endpoint_updates_multiple_items
1789496452.331869	FINISH	tests/test_api_smoke.py::TestScheduledBatchEndpoints::test_batch_update_endpoint_updates_multiple_items
1789496452.332077	START	tests/test_api_smoke.py::TestScheduledBatchEndpoints::test_batch_delete_endpoint_removes_multiple_items
1789496452.350915	FINISH	tests/test_api_smoke.py::TestScheduledBatchEndpoints::test_batch_delete_endpoint_removes_multiple_items
1789496452.351112	START	tests/test_api_smoke.py::TestScheduledBatchEndpoints::test_manual_trigger_calendar_failure_marks_job_failed
1789496452.367824	FINISH	tests/test_api_smoke.py::TestScheduledBatchEndpoints::test_manual_trigger_calendar_failure_marks_job_failed
1789496452.368033	START	tests/test_api_smoke.py::TestScheduledBatchEndpoints::test_manual_trigger_endpoint_queues_single_scheduled_task
1789496452.381756	FINISH	tests/test_api_smoke.py::TestScheduledBatchEndpoints::test_manual_trigger_endpoint_queues_single_scheduled_task
1789496452.381991	START	tests/test_api_smoke.py::TestScheduledBatchEndpoints::test_batch_trigger_endpoint_queues_selected_tasks_with_position_context
1789496452.403594	FINISH	tests/test_api_smoke.py::TestScheduledBatchEndpoints::test_batch_trigger_endpoint_queues_selected_tasks_with_position_context
1789496452.403864	START	tests/test_evidence_relations.py::test_valid_source_repetition_with_identical_canonical_id
1789496452.404587	FINISH	tests/test_evidence_relations.py::test_valid_source_repetition_with_identical_canonical_id
1789496452.404735	START	tests/test_evidence_relations.py::test_valid_derived_observation_explicit_caller_provided
1789496452.405369	FINISH	tests/test_evidence_relations.py::test_valid_derived_observation_explicit_caller_provided
1789496452.405505	START	tests/test_evidence_relations.py::test_valid_supports_relation_explicit_caller_provided
1789496452.406113	FINISH	tests/test_evidence_relations.py::test_valid_supports_relation_explicit_caller_provided
1789496452.406276	START	tests/test_evidence_relations.py::test_valid_refutes_relation_explicit_caller_provided
1789496452.407014	FINISH	tests/test_evidence_relations.py::test_valid_refutes_relation_explicit_caller_provided
1789496452.407152	START	tests/test_evidence_relations.py::test_idempotent_duplicate_edge_insertion
1789496452.407749	FINISH	tests/test_evidence_relations.py::test_idempotent_duplicate_edge_insertion
1789496452.407893	START	tests/test_evidence_relations.py::test_serialization_and_deserialization_roundtrip
1789496452.408854	FINISH	tests/test_evidence_relations.py::test_serialization_and_deserialization_roundtrip
1789496452.408997	START	tests/test_evidence_relations.py::test_reject_self_loop
1789496452.409650	FINISH	tests/test_evidence_relations.py::test_reject_self_loop
1789496452.409779	START	tests/test_evidence_relations.py::test_reject_dangling_reference_missing_target
1789496452.410346	FINISH	tests/test_evidence_relations.py::test_reject_dangling_reference_missing_target
1789496452.410477	START	tests/test_evidence_relations.py::test_reject_contradictory_relations_supports_and_refutes
1789496452.411078	FINISH	tests/test_evidence_relations.py::test_reject_contradictory_relations_supports_and_refutes
1789496452.411210	START	tests/test_evidence_relations.py::test_reject_cyclic_derived_observation
1789496452.411829	FINISH	tests/test_evidence_relations.py::test_reject_cyclic_derived_observation
1789496452.411993	START	tests/test_evidence_relations.py::test_reject_lookahead_violation_future_evidence
1789496452.412664	FINISH	tests/test_evidence_relations.py::test_reject_lookahead_violation_future_evidence
1789496452.412806	START	tests/test_evidence_relations.py::test_reject_unhashed_content_for_canonical_derivation
1789496452.413381	FINISH	tests/test_evidence_relations.py::test_reject_unhashed_content_for_canonical_derivation
1789496452.413508	START	tests/test_evidence_relations.py::test_strictly_forbid_collateral_canonical_event_id
1789496452.414258	FINISH	tests/test_evidence_relations.py::test_strictly_forbid_collateral_canonical_event_id
1789496452.414387	START	tests/test_evidence_relations.py::test_reject_auto_inference_from_similarity_or_verifier_status_or_soft_collateral
1789496452.415008	FINISH	tests/test_evidence_relations.py::test_reject_auto_inference_from_similarity_or_verifier_status_or_soft_collateral
1789496452.415137	START	tests/test_evidence_relations.py::test_reject_empty_or_non_string_endpoint_ids
1789496452.415914	FINISH	tests/test_evidence_relations.py::test_reject_empty_or_non_string_endpoint_ids
1789496452.416051	START	tests/test_evidence_relations.py::test_reject_unknown_relation_type_and_no_silent_upgrade
1789496452.416806	FINISH	tests/test_evidence_relations.py::test_reject_unknown_relation_type_and_no_silent_upgrade
1789496452.416941	START	tests/test_evidence_relations.py::test_metadata_deep_freeze_and_immutability
1789496452.417766	FINISH	tests/test_evidence_relations.py::test_metadata_deep_freeze_and_immutability
1789496452.417901	START	tests/test_evidence_relations.py::test_reject_metadata_nan_and_inf
1789496452.418575	FINISH	tests/test_evidence_relations.py::test_reject_metadata_nan_and_inf
1789496452.418711	START	tests/test_evidence_relations.py::test_canonical_source_repetition_builder_edge_cases
1789496452.419392	FINISH	tests/test_evidence_relations.py::test_canonical_source_repetition_builder_edge_cases
1789496452.419514	START	tests/test_evidence_relations.py::test_malformed_and_missing_and_future_dates_fail_closed
1789496452.420102	FINISH	tests/test_evidence_relations.py::test_malformed_and_missing_and_future_dates_fail_closed
1789496452.420242	START	tests/test_evidence_relations.py::test_duplicate_edge_deterministic_first_seen_metadata
1789496452.420834	FINISH	tests/test_evidence_relations.py::test_duplicate_edge_deterministic_first_seen_metadata
1789496452.420968	START	tests/test_evidence_relations.py::test_relation_is_unhashable_and_cannot_be_in_set
1789496452.421627	FINISH	tests/test_evidence_relations.py::test_relation_is_unhashable_and_cannot_be_in_set
1789496452.421748	START	tests/test_evidence_relations.py::test_frozen_metadata_can_be_reused_to_construct_new_relation
1789496452.422455	FINISH	tests/test_evidence_relations.py::test_frozen_metadata_can_be_reused_to_construct_new_relation
1789496452.422590	START	tests/test_evidence_relations.py::test_json_safety_rejections_survive_thaw_normalization
1789496452.423302	FINISH	tests/test_evidence_relations.py::test_json_safety_rejections_survive_thaw_normalization
1789496452.423425	START	tests/test_evidence_relations.py::test_datetime_baseline_fails_closed_not_raises
1789496452.424011	FINISH	tests/test_evidence_relations.py::test_datetime_baseline_fails_closed_not_raises
1789496452.424147	START	tests/test_evidence_relations.py::test_present_but_empty_timestamp_fails_closed_not_substituted
1789496452.424787	FINISH	tests/test_evidence_relations.py::test_present_but_empty_timestamp_fails_closed_not_substituted
1789496452.424915	START	tests/test_evidence_relations.py::test_timestamp_field_priority_and_semantics_are_explicit
1789496452.425500	FINISH	tests/test_evidence_relations.py::test_timestamp_field_priority_and_semantics_are_explicit
1789496452.425636	START	tests/test_evidence_relations.py::test_from_dict_non_mapping_top_level_raises_type_error[bad_input0]
1789496452.426348	FINISH	tests/test_evidence_relations.py::test_from_dict_non_mapping_top_level_raises_type_error[bad_input0]
1789496452.426529	START	tests/test_evidence_relations.py::test_from_dict_non_mapping_top_level_raises_type_error[bad]
1789496452.427177	FINISH	tests/test_evidence_relations.py::test_from_dict_non_mapping_top_level_raises_type_error[bad]
1789496452.427303	START	tests/test_evidence_relations.py::test_from_dict_non_mapping_top_level_raises_type_error[123]
1789496452.428001	FINISH	tests/test_evidence_relations.py::test_from_dict_non_mapping_top_level_raises_type_error[123]
1789496452.428143	START	tests/test_evidence_relations.py::test_from_dict_non_mapping_top_level_raises_type_error[True]
1789496452.428758	FINISH	tests/test_evidence_relations.py::test_from_dict_non_mapping_top_level_raises_type_error[True]
1789496452.428899	START	tests/test_evidence_relations.py::test_from_dict_non_mapping_top_level_raises_type_error[False]
1789496452.429522	FINISH	tests/test_evidence_relations.py::test_from_dict_non_mapping_top_level_raises_type_error[False]
1789496452.429657	START	tests/test_evidence_relations.py::test_from_dict_non_mapping_top_level_raises_type_error[bad_input5]
1789496452.430270	FINISH	tests/test_evidence_relations.py::test_from_dict_non_mapping_top_level_raises_type_error[bad_input5]
1789496452.430415	START	tests/test_evidence_relations.py::test_from_dict_non_mapping_top_level_raises_type_error[bad_input6]
1789496452.431123	FINISH	tests/test_evidence_relations.py::test_from_dict_non_mapping_top_level_raises_type_error[bad_input6]
1789496452.431267	START	tests/test_evidence_relations.py::test_from_dict_empty_or_none_mapping_preserves_empty_graph[None]
1789496452.431884	FINISH	tests/test_evidence_relations.py::test_from_dict_empty_or_none_mapping_preserves_empty_graph[None]
1789496452.432011	START	tests/test_evidence_relations.py::test_from_dict_empty_or_none_mapping_preserves_empty_graph[empty_mapping1]
1789496452.432615	FINISH	tests/test_evidence_relations.py::test_from_dict_empty_or_none_mapping_preserves_empty_graph[empty_mapping1]
1789496452.432751	START	tests/test_evidence_relations.py::test_from_dict_empty_or_none_mapping_preserves_empty_graph[empty_mapping2]
1789496452.433348	FINISH	tests/test_evidence_relations.py::test_from_dict_empty_or_none_mapping_preserves_empty_graph[empty_mapping2]
1789496452.433482	START	tests/test_evidence_relations.py::test_from_dict_empty_or_none_mapping_preserves_empty_graph[empty_mapping3]
1789496452.434168	FINISH	tests/test_evidence_relations.py::test_from_dict_empty_or_none_mapping_preserves_empty_graph[empty_mapping3]
1789496452.434309	START	tests/test_evidence_relations.py::test_from_dict_empty_or_none_mapping_preserves_empty_graph[empty_mapping4]
1789496452.434912	FINISH	tests/test_evidence_relations.py::test_from_dict_empty_or_none_mapping_preserves_empty_graph[empty_mapping4]
1789496452.435044	START	tests/test_evidence_relations.py::test_malformed_timestamp_strings_fail_closed_symmetrically[2026-09-08junk]
1789496452.435686	FINISH	tests/test_evidence_relations.py::test_malformed_timestamp_strings_fail_closed_symmetrically[2026-09-08junk]
1789496452.435813	START	tests/test_evidence_relations.py::test_malformed_timestamp_strings_fail_closed_symmetrically[2026-09-08T99:99:99]
1789496452.436436	FINISH	tests/test_evidence_relations.py::test_malformed_timestamp_strings_fail_closed_symmetrically[2026-09-08T99:99:99]
1789496452.436575	START	tests/test_evidence_relations.py::test_malformed_timestamp_strings_fail_closed_symmetrically[2026-99-99]
1789496452.437294	FINISH	tests/test_evidence_relations.py::test_malformed_timestamp_strings_fail_closed_symmetrically[2026-99-99]
1789496452.437426	START	tests/test_evidence_relations.py::test_malformed_timestamp_strings_fail_closed_symmetrically[2026-09-08 99:99:99]
1789496452.438047	FINISH	tests/test_evidence_relations.py::test_malformed_timestamp_strings_fail_closed_symmetrically[2026-09-08 99:99:99]
1789496452.438189	START	tests/test_evidence_relations.py::test_malformed_timestamp_strings_fail_closed_symmetrically[2026-09-08T]
1789496452.438823	FINISH	tests/test_evidence_relations.py::test_malformed_timestamp_strings_fail_closed_symmetrically[2026-09-08T]
1789496452.438986	START	tests/test_evidence_relations.py::test_malformed_timestamp_strings_fail_closed_symmetrically[2026-09-08-extra]
1789496452.439623	FINISH	tests/test_evidence_relations.py::test_malformed_timestamp_strings_fail_closed_symmetrically[2026-09-08-extra]
1789496452.439762	START	tests/test_evidence_relations.py::test_malformed_timestamp_strings_fail_closed_symmetrically[invalid]
1789496452.440807	FINISH	tests/test_evidence_relations.py::test_malformed_timestamp_strings_fail_closed_symmetrically[invalid]
1789496452.440938	START	tests/test_evidence_relations.py::test_malformed_timestamp_strings_fail_closed_symmetrically[]
1789496452.441554	FINISH	tests/test_evidence_relations.py::test_malformed_timestamp_strings_fail_closed_symmetrically[]
1789496452.441677	START	tests/test_evidence_relations.py::test_malformed_timestamp_strings_fail_closed_symmetrically[   ]
1789496452.442300	FINISH	tests/test_evidence_relations.py::test_malformed_timestamp_strings_fail_closed_symmetrically[   ]
1789496452.442439	START	tests/test_evidence_relations.py::test_valid_iso_date_and_datetime_strings_accepted_symmetrically[2026-09-08-expected_date0]
1789496452.443114	FINISH	tests/test_evidence_relations.py::test_valid_iso_date_and_datetime_strings_accepted_symmetrically[2026-09-08-expected_date0]
1789496452.443252	START	tests/test_evidence_relations.py::test_valid_iso_date_and_datetime_strings_accepted_symmetrically[2026-09-08T12:34:56-expected_date1]
1789496452.443999	FINISH	tests/test_evidence_relations.py::test_valid_iso_date_and_datetime_strings_accepted_symmetrically[2026-09-08T12:34:56-expected_date1]
1789496452.444127	START	tests/test_evidence_relations.py::test_valid_iso_date_and_datetime_strings_accepted_symmetrically[2026-09-08T12:34:56Z-expected_date2]
1789496452.444790	FINISH	tests/test_evidence_relations.py::test_valid_iso_date_and_datetime_strings_accepted_symmetrically[2026-09-08T12:34:56Z-expected_date2]
1789496452.444932	START	tests/test_evidence_relations.py::test_valid_iso_date_and_datetime_strings_accepted_symmetrically[2026-09-08T12:34:56+00:00-expected_date3]
1789496452.445597	FINISH	tests/test_evidence_relations.py::test_valid_iso_date_and_datetime_strings_accepted_symmetrically[2026-09-08T12:34:56+00:00-expected_date3]
1789496452.445720	START	tests/test_evidence_relations.py::test_valid_iso_date_and_datetime_strings_accepted_symmetrically[2026-09-08T12:34:56+08:00-expected_date4]
1789496452.446373	FINISH	tests/test_evidence_relations.py::test_valid_iso_date_and_datetime_strings_accepted_symmetrically[2026-09-08T12:34:56+08:00-expected_date4]
1789496452.446507	START	tests/test_evidence_relations.py::test_valid_iso_date_and_datetime_strings_accepted_symmetrically[2026-09-08 12:34:56-expected_date5]
1789496452.447261	FINISH	tests/test_evidence_relations.py::test_valid_iso_date_and_datetime_strings_accepted_symmetrically[2026-09-08 12:34:56-expected_date5]
1789496452.447389	START	tests/test_evidence_relations.py::test_valid_iso_date_and_datetime_strings_accepted_symmetrically[2026-09-08 12:34:56.123456-expected_date6]
1789496452.448047	FINISH	tests/test_evidence_relations.py::test_valid_iso_date_and_datetime_strings_accepted_symmetrically[2026-09-08 12:34:56.123456-expected_date6]
1789496452.448182	START	tests/test_evidence_relations.py::test_valid_iso_date_and_datetime_strings_accepted_symmetrically[2026-09-08T12:34:56.123456Z-expected_date7]
1789496452.448851	FINISH	tests/test_evidence_relations.py::test_valid_iso_date_and_datetime_strings_accepted_symmetrically[2026-09-08T12:34:56.123456Z-expected_date7]
1789496452.448995	START	tests/test_evidence_relations.py::test_detect_relation_cycles_empty_target_types_detects_zero_cycles[empty_target_types0]
1789496452.449625	FINISH	tests/test_evidence_relations.py::test_detect_relation_cycles_empty_target_types_detects_zero_cycles[empty_target_types0]
1789496452.449749	START	tests/test_evidence_relations.py::test_detect_relation_cycles_empty_target_types_detects_zero_cycles[empty_target_types1]
1789496452.450443	FINISH	tests/test_evidence_relations.py::test_detect_relation_cycles_empty_target_types_detects_zero_cycles[empty_target_types1]
1789496452.450593	START	tests/test_evidence_relations.py::test_detect_relation_cycles_empty_target_types_detects_zero_cycles[empty_target_types2]
1789496452.451224	FINISH	tests/test_evidence_relations.py::test_detect_relation_cycles_empty_target_types_detects_zero_cycles[empty_target_types2]
1789496452.451351	START	tests/test_evidence_relations.py::test_detect_relation_cycles_empty_target_types_detects_zero_cycles[empty_target_types3]
1789496452.451983	FINISH	tests/test_evidence_relations.py::test_detect_relation_cycles_empty_target_types_detects_zero_cycles[empty_target_types3]
1789496452.452120	START	tests/test_evidence_relations.py::test_deep_thaw_mapping_supports_list_and_tuple_nested_mappingproxy[<lambda>0]
1789496452.452800	FINISH	tests/test_evidence_relations.py::test_deep_thaw_mapping_supports_list_and_tuple_nested_mappingproxy[<lambda>0]
1789496452.452925	START	tests/test_evidence_relations.py::test_deep_thaw_mapping_supports_list_and_tuple_nested_mappingproxy[<lambda>1]
1789496452.453689	FINISH	tests/test_evidence_relations.py::test_deep_thaw_mapping_supports_list_and_tuple_nested_mappingproxy[<lambda>1]
1789496452.453827	START	tests/test_evidence_relations.py::test_deep_thaw_mapping_supports_list_and_tuple_nested_mappingproxy[<lambda>2]
1789496452.454510	FINISH	tests/test_evidence_relations.py::test_deep_thaw_mapping_supports_list_and_tuple_nested_mappingproxy[<lambda>2]
1789496452.454648	START	tests/test_evidence_relations.py::test_deep_thaw_mapping_supports_list_and_tuple_nested_mappingproxy[<lambda>3]
1789496452.455341	FINISH	tests/test_evidence_relations.py::test_deep_thaw_mapping_supports_list_and_tuple_nested_mappingproxy[<lambda>3]
1789496452.455468	START	tests/test_evidence_relations.py::test_deep_thaw_mapping_supports_list_and_tuple_nested_mappingproxy[<lambda>4]
1789496452.456158	FINISH	tests/test_evidence_relations.py::test_deep_thaw_mapping_supports_list_and_tuple_nested_mappingproxy[<lambda>4]
1789496452.456292	START	tests/test_evidence_relations.py::test_deep_thaw_mapping_supports_list_and_tuple_nested_mappingproxy[<lambda>5]
1789496452.457059	FINISH	tests/test_evidence_relations.py::test_deep_thaw_mapping_supports_list_and_tuple_nested_mappingproxy[<lambda>5]
1789496452.457192	START	tests/test_evidence_relations.py::test_deep_thaw_mapping_still_rejects_nan_inf_and_unserializable[bad_nested_meta0-ValueError]
1789496452.457871	FINISH	tests/test_evidence_relations.py::test_deep_thaw_mapping_still_rejects_nan_inf_and_unserializable[bad_nested_meta0-ValueError]
1789496452.458006	START	tests/test_evidence_relations.py::test_deep_thaw_mapping_still_rejects_nan_inf_and_unserializable[bad_nested_meta1-ValueError]
1789496452.458679	FINISH	tests/test_evidence_relations.py::test_deep_thaw_mapping_still_rejects_nan_inf_and_unserializable[bad_nested_meta1-ValueError]
1789496452.458814	START	tests/test_evidence_relations.py::test_deep_thaw_mapping_still_rejects_nan_inf_and_unserializable[bad_nested_meta2-ValueError]
1789496452.459488	FINISH	tests/test_evidence_relations.py::test_deep_thaw_mapping_still_rejects_nan_inf_and_unserializable[bad_nested_meta2-ValueError]
1789496452.459617	START	tests/test_evidence_relations.py::test_deep_thaw_mapping_still_rejects_nan_inf_and_unserializable[bad_nested_meta3-ValueError]
1789496452.460360	FINISH	tests/test_evidence_relations.py::test_deep_thaw_mapping_still_rejects_nan_inf_and_unserializable[bad_nested_meta3-ValueError]
1789496452.460500	START	tests/test_evidence_relations.py::test_deep_thaw_mapping_still_rejects_nan_inf_and_unserializable[bad_nested_meta4-TypeError]
1789496452.461160	FINISH	tests/test_evidence_relations.py::test_deep_thaw_mapping_still_rejects_nan_inf_and_unserializable[bad_nested_meta4-TypeError]
1789496452.461299	START	tests/test_evidence_relations.py::test_deep_thaw_mapping_still_rejects_nan_inf_and_unserializable[bad_nested_meta5-TypeError]
1789496452.461950	FINISH	tests/test_evidence_relations.py::test_deep_thaw_mapping_still_rejects_nan_inf_and_unserializable[bad_nested_meta5-TypeError]
1789496452.462097	START	tests/test_evidence_relations.py::test_deep_thaw_mapping_still_rejects_nan_inf_and_unserializable[bad_nested_meta6-TypeError]
1789496452.462751	FINISH	tests/test_evidence_relations.py::test_deep_thaw_mapping_still_rejects_nan_inf_and_unserializable[bad_nested_meta6-TypeError]
1789496452.462872	START	tests/test_evidence_relations.py::test_build_canonical_source_repetition_rejects_non_string_ids[malformed_id0]
1789496452.463569	FINISH	tests/test_evidence_relations.py::test_build_canonical_source_repetition_rejects_non_string_ids[malformed_id0]
1789496452.463700	START	tests/test_evidence_relations.py::test_build_canonical_source_repetition_rejects_non_string_ids[malformed_id1]
1789496452.464319	FINISH	tests/test_evidence_relations.py::test_build_canonical_source_repetition_rejects_non_string_ids[malformed_id1]
1789496452.464441	START	tests/test_evidence_relations.py::test_build_canonical_source_repetition_rejects_non_string_ids[True]
1789496452.465050	FINISH	tests/test_evidence_relations.py::test_build_canonical_source_repetition_rejects_non_string_ids[True]
1789496452.465189	START	tests/test_evidence_relations.py::test_build_canonical_source_repetition_rejects_non_string_ids[False]
1789496452.465810	FINISH	tests/test_evidence_relations.py::test_build_canonical_source_repetition_rejects_non_string_ids[False]
1789496452.465939	START	tests/test_evidence_relations.py::test_build_canonical_source_repetition_rejects_non_string_ids[12345]
1789496452.466624	FINISH	tests/test_evidence_relations.py::test_build_canonical_source_repetition_rejects_non_string_ids[12345]
1789496452.466757	START	tests/test_evidence_relations.py::test_build_canonical_source_repetition_rejects_non_string_ids[3.14159]
1789496452.467374	FINISH	tests/test_evidence_relations.py::test_build_canonical_source_repetition_rejects_non_string_ids[3.14159]
1789496452.467499	START	tests/test_evidence_relations.py::test_build_canonical_source_repetition_valid_strings_behavior_preserved
1789496452.468078	FINISH	tests/test_evidence_relations.py::test_build_canonical_source_repetition_valid_strings_behavior_preserved
1789496452.468232	START	tests/test_evidence_summary.py::test_empty_report_returns_empty_string
1789496452.468793	FINISH	tests/test_evidence_summary.py::test_empty_report_returns_empty_string
1789496452.468919	START	tests/test_evidence_summary.py::test_direction_extracted_from_verdict_block
1789496452.469696	FINISH	tests/test_evidence_summary.py::test_direction_extracted_from_verdict_block
1789496452.469833	START	tests/test_evidence_summary.py::test_direction_missing_when_no_verdict
1789496452.470485	FINISH	tests/test_evidence_summary.py::test_direction_missing_when_no_verdict
1789496452.470609	START	tests/test_evidence_summary.py::test_strip_machine_blocks_removes_protocol_blocks
1789496452.471723	FINISH	tests/test_evidence_summary.py::test_strip_machine_blocks_removes_protocol_blocks
1789496452.471864	START	tests/test_evidence_summary.py::test_summary_keeps_numbers_and_drops_boilerplate
1789496452.472529	FINISH	tests/test_evidence_summary.py::test_summary_keeps_numbers_and_drops_boilerplate
1789496452.472664	START	tests/test_evidence_summary.py::test_markdown_table_rows_are_flattened
1789496452.473387	FINISH	tests/test_evidence_summary.py::test_markdown_table_rows_are_flattened
1789496452.473508	START	tests/test_evidence_summary.py::test_summary_respects_char_cap
1789496452.474157	FINISH	tests/test_evidence_summary.py::test_summary_respects_char_cap
1789496452.474295	START	tests/test_evidence_summary.py::test_fallback_excerpt_for_numberless_report
1789496452.474924	FINISH	tests/test_evidence_summary.py::test_fallback_excerpt_for_numberless_report
1789496452.475060	START	tests/test_evidence_summary.py::test_duplicate_lines_deduped
1789496452.475701	FINISH	tests/test_evidence_summary.py::test_duplicate_lines_deduped
1789496452.475841	START	tests/test_evidence_summary.py::test_seven_source_summary_fixed_order_and_labels
1789496452.476834	FINISH	tests/test_evidence_summary.py::test_seven_source_summary_fixed_order_and_labels
1789496452.476996	START	tests/test_evidence_summary.py::test_seven_source_summary_individual_hard_caps
1789496452.478236	FINISH	tests/test_evidence_summary.py::test_seven_source_summary_individual_hard_caps
1789496452.478362	START	tests/test_evidence_summary.py::test_seven_source_summary_total_hard_cap_2400
1789496452.479928	FINISH	tests/test_evidence_summary.py::test_seven_source_summary_total_hard_cap_2400
1789496452.480071	START	tests/test_evidence_summary.py::test_seven_source_summary_deterministic_and_no_llm
1789496452.482394	FINISH	tests/test_evidence_summary.py::test_seven_source_summary_deterministic_and_no_llm
1789496452.482536	START	tests/test_evidence_summary.py::test_seven_source_summary_machine_blocks_stripped
1789496452.483603	FINISH	tests/test_evidence_summary.py::test_seven_source_summary_machine_blocks_stripped
1789496452.483734	START	tests/test_evidence_summary.py::test_seven_source_summary_preserves_numbers_zeros_negatives_percentages_dates
1789496452.484380	FINISH	tests/test_evidence_summary.py::test_seven_source_summary_preserves_numbers_zeros_negatives_percentages_dates
1789496452.484525	START	tests/test_evidence_summary.py::test_seven_source_summary_missing_and_failed_sources
1789496452.485181	FINISH	tests/test_evidence_summary.py::test_seven_source_summary_missing_and_failed_sources
1789496452.485329	START	tests/test_evidence_summary.py::test_seven_source_bundle_and_summary_consistency
1789496452.486519	FINISH	tests/test_evidence_summary.py::test_seven_source_bundle_and_summary_consistency
1789496452.486696	START	tests/test_evidence_verifier_fairness.py::test_golden_dataset_exists_and_valid
1789496452.499842	FINISH	tests/test_evidence_verifier_fairness.py::test_golden_dataset_exists_and_valid
1789496452.500014	START	tests/test_evidence_verifier_fairness.py::test_golden_evidence_sentence_verdicts[CASE-001_000333_INV-4]
1789496452.562711	FINISH	tests/test_evidence_verifier_fairness.py::test_golden_evidence_sentence_verdicts[CASE-001_000333_INV-4]
1789496452.562883	START	tests/test_evidence_verifier_fairness.py::test_golden_evidence_sentence_verdicts[CASE-002_000333_INV-4]
1789496452.611343	FINISH	tests/test_evidence_verifier_fairness.py::test_golden_evidence_sentence_verdicts[CASE-002_000333_INV-4]
1789496452.611539	START	tests/test_evidence_verifier_fairness.py::test_golden_evidence_sentence_verdicts[CASE-003_000333_INV-5]
1789496452.651992	FINISH	tests/test_evidence_verifier_fairness.py::test_golden_evidence_sentence_verdicts[CASE-003_000333_INV-5]
1789496452.652148	START	tests/test_evidence_verifier_fairness.py::test_golden_evidence_sentence_verdicts[CASE-004_000333_INV-6]
1789496452.715090	FINISH	tests/test_evidence_verifier_fairness.py::test_golden_evidence_sentence_verdicts[CASE-004_000333_INV-6]
1789496452.715248	START	tests/test_evidence_verifier_fairness.py::test_golden_evidence_sentence_verdicts[CASE-005_000333_INV-7]
1789496452.756667	FINISH	tests/test_evidence_verifier_fairness.py::test_golden_evidence_sentence_verdicts[CASE-005_000333_INV-7]
1789496452.756832	START	tests/test_evidence_verifier_fairness.py::test_golden_evidence_sentence_verdicts[CASE-006_000333_INV-7]
1789496452.801294	FINISH	tests/test_evidence_verifier_fairness.py::test_golden_evidence_sentence_verdicts[CASE-006_000333_INV-7]
1789496452.801445	START	tests/test_evidence_verifier_fairness.py::test_golden_evidence_sentence_verdicts[CASE-007_000333_INV-8]
1789496452.848937	FINISH	tests/test_evidence_verifier_fairness.py::test_golden_evidence_sentence_verdicts[CASE-007_000333_INV-8]
1789496452.849078	START	tests/test_evidence_verifier_fairness.py::test_golden_evidence_sentence_verdicts[CASE-008_000333_INV-11]
1789496452.890317	FINISH	tests/test_evidence_verifier_fairness.py::test_golden_evidence_sentence_verdicts[CASE-008_000333_INV-11]
1789496452.890482	START	tests/test_evidence_verifier_fairness.py::test_golden_evidence_sentence_verdicts[CASE-009_000333_INV-12]
1789496452.938109	FINISH	tests/test_evidence_verifier_fairness.py::test_golden_evidence_sentence_verdicts[CASE-009_000333_INV-12]
1789496452.938297	START	tests/test_evidence_verifier_fairness.py::test_golden_evidence_sentence_verdicts[CASE-010_600900_INV-4]
1789496452.947361	FINISH	tests/test_evidence_verifier_fairness.py::test_golden_evidence_sentence_verdicts[CASE-010_600900_INV-4]
1789496452.947505	START	tests/test_evidence_verifier_fairness.py::test_golden_evidence_sentence_verdicts[CASE-011_600900_INV-10]
1789496452.950474	FINISH	tests/test_evidence_verifier_fairness.py::test_golden_evidence_sentence_verdicts[CASE-011_600900_INV-10]
1789496452.950622	START	tests/test_evidence_verifier_fairness.py::test_golden_evidence_sentence_verdicts[CASE-012_600276_INV-1]
1789496452.989769	FINISH	tests/test_evidence_verifier_fairness.py::test_golden_evidence_sentence_verdicts[CASE-012_600276_INV-1]
1789496452.989975	START	tests/test_evidence_verifier_fairness.py::test_golden_evidence_sentence_verdicts[CASE-013_600276_INV-5]
1789496453.024140	FINISH	tests/test_evidence_verifier_fairness.py::test_golden_evidence_sentence_verdicts[CASE-013_600276_INV-5]
1789496453.024305	START	tests/test_evidence_verifier_fairness.py::test_golden_evidence_sentence_verdicts[CASE-014_600276_INV-7]
1789496453.064618	FINISH	tests/test_evidence_verifier_fairness.py::test_golden_evidence_sentence_verdicts[CASE-014_600276_INV-7]
1789496453.064772	START	tests/test_evidence_verifier_fairness.py::test_golden_evidence_sentence_verdicts[CASE-015_600276_INV-9]
1789496453.118222	FINISH	tests/test_evidence_verifier_fairness.py::test_golden_evidence_sentence_verdicts[CASE-015_600276_INV-9]
1789496453.118370	START	tests/test_evidence_verifier_fairness.py::test_golden_evidence_sentence_verdicts[CASE-016_600276_NEG-1]
1789496453.174500	FINISH	tests/test_evidence_verifier_fairness.py::test_golden_evidence_sentence_verdicts[CASE-016_600276_NEG-1]
1789496453.174655	START	tests/test_evidence_verifier_fairness.py::test_golden_evidence_sentence_verdicts[CASE-017_000333_NEG-2]
1789496453.233425	FINISH	tests/test_evidence_verifier_fairness.py::test_golden_evidence_sentence_verdicts[CASE-017_000333_NEG-2]
1789496453.233608	START	tests/test_evidence_verifier_fairness.py::test_golden_evidence_sentence_verdicts[CASE-018_000333_NEG-3]
1789496453.289556	FINISH	tests/test_evidence_verifier_fairness.py::test_golden_evidence_sentence_verdicts[CASE-018_000333_NEG-3]
1789496453.289715	START	tests/test_evidence_verifier_fairness.py::test_negative_case_coincidental_number_without_keyword_rejected
1789496453.290899	FINISH	tests/test_evidence_verifier_fairness.py::test_negative_case_coincidental_number_without_keyword_rejected
1789496453.291046	START	tests/test_evidence_verifier_fairness.py::test_negative_case_nonexistent_derived_number_rejected
1789496453.292062	FINISH	tests/test_evidence_verifier_fairness.py::test_negative_case_nonexistent_derived_number_rejected
1789496453.292195	START	tests/test_evidence_verifier_fairness.py::test_debate_state_prompt_templates_symmetry
1789496453.292941	FINISH	tests/test_evidence_verifier_fairness.py::test_debate_state_prompt_templates_symmetry
1789496453.293085	START	tests/test_evidence_verifier_fairness.py::test_reproduce_inv6_pseudo_contradiction_falsified_as_unsupported
1789496453.294246	FINISH	tests/test_evidence_verifier_fairness.py::test_reproduce_inv6_pseudo_contradiction_falsified_as_unsupported
1789496453.294374	START	tests/test_evidence_verifier_fairness.py::test_same_line_multi_metric_no_cross_binding_verified
1789496453.295224	FINISH	tests/test_evidence_verifier_fairness.py::test_same_line_multi_metric_no_cross_binding_verified
1789496453.295367	START	tests/test_evidence_verifier_fairness.py::test_same_line_multi_metric_cross_value_negative_not_verified
1789496453.296531	FINISH	tests/test_evidence_verifier_fairness.py::test_same_line_multi_metric_cross_value_negative_not_verified
1789496453.296669	START	tests/test_evidence_verifier_fairness.py::test_compound_sentence_atomic_evidence_splitting
1789496453.297733	FINISH	tests/test_evidence_verifier_fairness.py::test_compound_sentence_atomic_evidence_splitting
1789496453.297862	START	tests/test_evidence_verifier_fairness.py::test_percentage_conflict_requires_same_metric_unit_period
1789496453.298682	FINISH	tests/test_evidence_verifier_fairness.py::test_percentage_conflict_requires_same_metric_unit_period
1789496453.298826	START	tests/test_evidence_verifier_fairness.py::test_true_conflict_positive_case
1789496453.299605	FINISH	tests/test_evidence_verifier_fairness.py::test_true_conflict_positive_case
1789496453.299739	START	tests/test_evidence_verifier_fairness.py::test_e03c_adopt_partial_reject_exact_coverage_boundaries
1789496453.300542	FINISH	tests/test_evidence_verifier_fairness.py::test_e03c_adopt_partial_reject_exact_coverage_boundaries
1789496453.300685	START	tests/test_evidence_verifier_fairness.py::test_e03c_pit_anti_lookahead_date_failure
1789496453.301499	FINISH	tests/test_evidence_verifier_fairness.py::test_e03c_pit_anti_lookahead_date_failure
1789496453.301639	START	tests/test_evidence_verifier_fairness.py::test_e03c_source_unavailable_provider_failure
1789496453.302248	FINISH	tests/test_evidence_verifier_fairness.py::test_e03c_source_unavailable_provider_failure
1789496453.302381	START	tests/test_evidence_verifier_fairness.py::test_e03c_valid_zero_and_decimal_zero_matching
1789496453.303340	FINISH	tests/test_evidence_verifier_fairness.py::test_e03c_valid_zero_and_decimal_zero_matching
1789496453.303477	START	tests/test_evidence_verifier_fairness.py::test_e03c_observation_and_hypothesis_never_upgraded_to_adopt
1789496453.304178	FINISH	tests/test_evidence_verifier_fairness.py::test_e03c_observation_and_hypothesis_never_upgraded_to_adopt
1789496453.304311	START	tests/test_evidence_verifier_fairness.py::test_e03c_preserves_raw_evidence_source_and_state_change_reasons
1789496453.304909	FINISH	tests/test_evidence_verifier_fairness.py::test_e03c_preserves_raw_evidence_source_and_state_change_reasons
1789496453.305088	START	tests/test_expectation_revision_contract.py::test_case_1_news_only_title_url_or_pdf_hash_no_actual_numbers
1789496453.305787	FINISH	tests/test_expectation_revision_contract.py::test_case_1_news_only_title_url_or_pdf_hash_no_actual_numbers
1789496453.305916	START	tests/test_expectation_revision_contract.py::test_case_1_fundamentals_incomplete_elements_cannot_generate_actual_value
1789496453.306503	FINISH	tests/test_expectation_revision_contract.py::test_case_1_fundamentals_incomplete_elements_cannot_generate_actual_value
1789496453.306646	START	tests/test_expectation_revision_contract.py::test_case_1_validator_rejects_actual_numbers_when_text_not_obtained
1789496453.307329	FINISH	tests/test_expectation_revision_contract.py::test_case_1_validator_rejects_actual_numbers_when_text_not_obtained
1789496453.307477	START	tests/test_expectation_revision_contract.py::test_case_2_traceable_publication_with_unobtained_content_leaves_actual_baseline_revision_as_gap
1789496453.308139	FINISH	tests/test_expectation_revision_contract.py::test_case_2_traceable_publication_with_unobtained_content_leaves_actual_baseline_revision_as_gap
1789496453.308269	START	tests/test_expectation_revision_contract.py::test_case_3_financial_actual_period_mismatch_with_forecast_cannot_substitute
1789496453.308875	FINISH	tests/test_expectation_revision_contract.py::test_case_3_financial_actual_period_mismatch_with_forecast_cannot_substitute
1789496453.309023	START	tests/test_expectation_revision_contract.py::test_case_3_validator_rejects_numeric_revision_with_period_mismatch
1789496453.309634	FINISH	tests/test_expectation_revision_contract.py::test_case_3_validator_rejects_numeric_revision_with_period_mismatch
1789496453.309785	START	tests/test_expectation_revision_contract.py::test_case_4_missing_baseline_revision_cannot_have_numeric_delta_or_percent
1789496453.310447	FINISH	tests/test_expectation_revision_contract.py::test_case_4_missing_baseline_revision_cannot_have_numeric_delta_or_percent
1789496453.310583	START	tests/test_expectation_revision_contract.py::test_case_4_validator_rejects_numeric_delta_or_percent_without_baseline
1789496453.311181	FINISH	tests/test_expectation_revision_contract.py::test_case_4_validator_rejects_numeric_delta_or_percent_without_baseline
1789496453.311377	START	tests/test_expectation_revision_contract.py::test_case_5_distinguishable_baseline_types_and_source_requirement
1789496453.312073	FINISH	tests/test_expectation_revision_contract.py::test_case_5_distinguishable_baseline_types_and_source_requirement
1789496453.312209	START	tests/test_expectation_revision_contract.py::test_case_5_builder_drops_baseline_without_source_to_none_with_gap
1789496453.312768	FINISH	tests/test_expectation_revision_contract.py::test_case_5_builder_drops_baseline_without_source_to_none_with_gap
1789496453.312896	START	tests/test_expectation_revision_contract.py::test_case_6_actual_and_baseline_incompatible_fields_prohibit_numeric_revision[unit-actual_mod0-baseline_mod0-unit_mismatch]
1789496453.313726	FINISH	tests/test_expectation_revision_contract.py::test_case_6_actual_and_baseline_incompatible_fields_prohibit_numeric_revision[unit-actual_mod0-baseline_mod0-unit_mismatch]
1789496453.313863	START	tests/test_expectation_revision_contract.py::test_case_6_actual_and_baseline_incompatible_fields_prohibit_numeric_revision[unit_unconverted-actual_mod1-baseline_mod1-unit_mismatch]
1789496453.314597	FINISH	tests/test_expectation_revision_contract.py::test_case_6_actual_and_baseline_incompatible_fields_prohibit_numeric_revision[unit_unconverted-actual_mod1-baseline_mod1-unit_mismatch]
1789496453.314716	START	tests/test_expectation_revision_contract.py::test_case_6_actual_and_baseline_incompatible_fields_prohibit_numeric_revision[metric-actual_mod2-baseline_mod2-metric_mismatch]
1789496453.315432	FINISH	tests/test_expectation_revision_contract.py::test_case_6_actual_and_baseline_incompatible_fields_prohibit_numeric_revision[metric-actual_mod2-baseline_mod2-metric_mismatch]
1789496453.315560	START	tests/test_expectation_revision_contract.py::test_case_6_actual_and_baseline_incompatible_fields_prohibit_numeric_revision[report_period-actual_mod3-baseline_mod3-period_mismatch]
1789496453.316292	FINISH	tests/test_expectation_revision_contract.py::test_case_6_actual_and_baseline_incompatible_fields_prohibit_numeric_revision[report_period-actual_mod3-baseline_mod3-period_mismatch]
1789496453.316426	START	tests/test_expectation_revision_contract.py::test_case_6_validator_rejects_numeric_revision_on_unit_or_metric_mismatch
1789496453.317105	FINISH	tests/test_expectation_revision_contract.py::test_case_6_validator_rejects_numeric_revision_on_unit_or_metric_mismatch
1789496453.317243	START	tests/test_expectation_revision_contract.py::test_case_7_beat_or_miss_only_valid_when_comparable_baseline_exists
1789496453.317835	FINISH	tests/test_expectation_revision_contract.py::test_case_7_beat_or_miss_only_valid_when_comparable_baseline_exists
1789496453.317974	START	tests/test_expectation_revision_contract.py::test_case_7_manager_consumption_catches_unsubstantiated_beat_miss
1789496453.319705	FINISH	tests/test_expectation_revision_contract.py::test_case_7_manager_consumption_catches_unsubstantiated_beat_miss
1789496453.319829	START	tests/test_expectation_revision_contract.py::test_case_8_priced_in_must_be_unknown_without_traceable_evidence
1789496453.320444	FINISH	tests/test_expectation_revision_contract.py::test_case_8_priced_in_must_be_unknown_without_traceable_evidence
1789496453.320581	START	tests/test_expectation_revision_contract.py::test_case_9_double_count_guard_prevents_duplicate_voting
1789496453.321239	FINISH	tests/test_expectation_revision_contract.py::test_case_9_double_count_guard_prevents_duplicate_voting
1789496453.321375	START	tests/test_expectation_revision_contract.py::test_case_10_future_date_enters_gap
1789496453.322003	FINISH	tests/test_expectation_revision_contract.py::test_case_10_future_date_enters_gap
1789496453.322139	START	tests/test_expectation_revision_contract.py::test_case_10_unparseable_date_enters_gap
1789496453.324848	FINISH	tests/test_expectation_revision_contract.py::test_case_10_unparseable_date_enters_gap
1789496453.324970	START	tests/test_expectation_revision_contract.py::test_case_10_provider_failure_enters_gap
1789496453.325581	FINISH	tests/test_expectation_revision_contract.py::test_case_10_provider_failure_enters_gap
1789496453.325740	START	tests/test_expectation_revision_contract.py::test_case_10_content_unavailable_enters_gap
1789496453.326474	FINISH	tests/test_expectation_revision_contract.py::test_case_10_content_unavailable_enters_gap
1789496453.326610	START	tests/test_expectation_revision_contract.py::test_case_11_research_manager_structured_consumption_and_readback_consistency
1789496453.328330	FINISH	tests/test_expectation_revision_contract.py::test_case_11_research_manager_structured_consumption_and_readback_consistency
1789496453.328475	START	tests/test_expectation_revision_contract.py::test_case_12_json_safety_and_langgraph_trace_preservation
1789496453.329144	FINISH	tests/test_expectation_revision_contract.py::test_case_12_json_safety_and_langgraph_trace_preservation
1789496453.329276	START	tests/test_expectation_revision_contract.py::test_case_12_prompt_guard_invariants_preserved_zh_and_en
1789496453.330681	FINISH	tests/test_expectation_revision_contract.py::test_case_12_prompt_guard_invariants_preserved_zh_and_en
1789496453.330824	START	tests/test_expectation_revision_contract.py::test_negative_announcement_title_url_pdf_filename_cannot_generate_actual
1789496453.331468	FINISH	tests/test_expectation_revision_contract.py::test_negative_announcement_title_url_pdf_filename_cannot_generate_actual
1789496453.331605	START	tests/test_expectation_revision_contract.py::test_negative_missing_as_of_or_future_as_of_cannot_generate_actual_or_numeric
1789496453.332282	FINISH	tests/test_expectation_revision_contract.py::test_negative_missing_as_of_or_future_as_of_cannot_generate_actual_or_numeric
1789496453.332423	START	tests/test_expectation_revision_contract.py::test_negative_earnings_forecast_without_source_or_type_cannot_masquerade_as_baseline
1789496453.333011	FINISH	tests/test_expectation_revision_contract.py::test_negative_earnings_forecast_without_source_or_type_cannot_masquerade_as_baseline
1789496453.333136	START	tests/test_expectation_revision_contract.py::test_negative_compliance_cumulative_labeled_as_single_quarter_blocks_numeric_revision
1789496453.333867	FINISH	tests/test_expectation_revision_contract.py::test_negative_compliance_cumulative_labeled_as_single_quarter_blocks_numeric_revision
1789496453.333989	START	tests/test_expectation_revision_contract.py::test_negative_manager_raw_response_hallucinating_numbers_beat_miss_or_priced_in_is_blocked
1789496453.334639	FINISH	tests/test_expectation_revision_contract.py::test_negative_manager_raw_response_hallucinating_numbers_beat_miss_or_priced_in_is_blocked
1789496453.334768	START	tests/test_expectation_revision_contract.py::test_negative_double_count_guard_blocks_duplicate_support_in_manager_consumption
1789496453.335386	FINISH	tests/test_expectation_revision_contract.py::test_negative_double_count_guard_blocks_duplicate_support_in_manager_consumption
1789496453.335512	START	tests/test_expectation_revision_contract.py::test_negative_missing_source_hash_retains_gap_without_fake_fingerprint_and_multi_news_retained
1789496453.336249	FINISH	tests/test_expectation_revision_contract.py::test_negative_missing_source_hash_retains_gap_without_fake_fingerprint_and_multi_news_retained
1789496453.336385	START	tests/test_expectation_revision_contract.py::test_negative_plain_free_text_amount_cannot_become_actual
1789496453.337075	FINISH	tests/test_expectation_revision_contract.py::test_negative_plain_free_text_amount_cannot_become_actual
1789496453.337204	START	tests/test_expectation_revision_contract.py::test_negative_forecast_missing_or_illegal_or_future_as_of_blocks_numeric
1789496453.337803	FINISH	tests/test_expectation_revision_contract.py::test_negative_forecast_missing_or_illegal_or_future_as_of_blocks_numeric
1789496453.337928	START	tests/test_expectation_revision_contract.py::test_negative_manager_guard_covers_chinese_english_and_synonyms
1789496453.338841	FINISH	tests/test_expectation_revision_contract.py::test_negative_manager_guard_covers_chinese_english_and_synonyms
1789496453.338994	START	tests/test_expectation_revision_contract.py::test_negative_double_count_guard_deduplicates_by_real_identity_and_is_idempotent
1789496453.339590	FINISH	tests/test_expectation_revision_contract.py::test_negative_double_count_guard_deduplicates_by_real_identity_and_is_idempotent
1789496453.339717	START	tests/test_expectation_revision_contract.py::test_negative_publication_missing_provenance_stays_gap_without_faking_publish_time
1789496453.340403	FINISH	tests/test_expectation_revision_contract.py::test_negative_publication_missing_provenance_stays_gap_without_faking_publish_time
1789496453.340527	START	tests/test_expectation_revision_contract.py::test_negative_manager_guard_covers_english_exceed_surpass_expected_and_fall_short
1789496453.341420	FINISH	tests/test_expectation_revision_contract.py::test_negative_manager_guard_covers_english_exceed_surpass_expected_and_fall_short
1789496453.341553	START	tests/test_expectation_revision_contract.py::test_double_count_guard_cluster_id_deduplication_and_idempotency
1789496453.342134	FINISH	tests/test_expectation_revision_contract.py::test_double_count_guard_cluster_id_deduplication_and_idempotency
1789496453.342268	START	tests/test_expectation_revision_contract.py::test_calendar_date_validation_downgrades_gap_and_forbids_numeric
1789496453.343180	FINISH	tests/test_expectation_revision_contract.py::test_calendar_date_validation_downgrades_gap_and_forbids_numeric
1789496453.343321	START	tests/test_expectation_revision_contract.py::test_build_fundamentals_expectation_revision_fails_closed_on_fabricated_fin_hash
1789496453.344175	FINISH	tests/test_expectation_revision_contract.py::test_build_fundamentals_expectation_revision_fails_closed_on_fabricated_fin_hash
1789496453.344321	START	tests/test_expectation_revision_contract.py::test_dav883_publication_valid_calendar_dates_and_timestamps_pass
1789496453.346571	FINISH	tests/test_expectation_revision_contract.py::test_dav883_publication_valid_calendar_dates_and_timestamps_pass
1789496453.346701	START	tests/test_expectation_revision_contract.py::test_dav883_publication_illegal_calendar_dates_blocked_and_enter_gap
1789496453.350497	FINISH	tests/test_expectation_revision_contract.py::test_dav883_publication_illegal_calendar_dates_blocked_and_enter_gap
1789496453.350633	START	tests/test_expectation_revision_contract.py::test_dav883_publication_format_errors_blocked_and_enter_gap
1789496453.352995	FINISH	tests/test_expectation_revision_contract.py::test_dav883_publication_format_errors_blocked_and_enter_gap
1789496453.353136	START	tests/test_expectation_revision_contract.py::test_dav883_publication_future_date_regression_and_cutoff_preservation
1789496453.353773	FINISH	tests/test_expectation_revision_contract.py::test_dav883_publication_future_date_regression_and_cutoff_preservation
1789496453.353950	START	tests/test_financial_announce_cutoff.py::test_statutory_disclosure_deadline[20251231-expected0]
1789496453.354825	FINISH	tests/test_financial_announce_cutoff.py::test_statutory_disclosure_deadline[20251231-expected0]
1789496453.354957	START	tests/test_financial_announce_cutoff.py::test_statutory_disclosure_deadline[20250630-expected1]
1789496453.355723	FINISH	tests/test_financial_announce_cutoff.py::test_statutory_disclosure_deadline[20250630-expected1]
1789496453.355871	START	tests/test_financial_announce_cutoff.py::test_statutory_disclosure_deadline[20250331-expected2]
1789496453.356545	FINISH	tests/test_financial_announce_cutoff.py::test_statutory_disclosure_deadline[20250331-expected2]
1789496453.356672	START	tests/test_financial_announce_cutoff.py::test_statutory_disclosure_deadline[20250930-expected3]
1789496453.357328	FINISH	tests/test_financial_announce_cutoff.py::test_statutory_disclosure_deadline[20250930-expected3]
1789496453.357476	START	tests/test_financial_announce_cutoff.py::test_statutory_disclosure_deadline[20241231-expected4]
1789496453.358134	FINISH	tests/test_financial_announce_cutoff.py::test_statutory_disclosure_deadline[20241231-expected4]
1789496453.358275	START	tests/test_financial_announce_cutoff.py::test_resolve_20250331_uses_bs_within_statutory_not_refreshed_is
1789496453.359040	FINISH	tests/test_financial_announce_cutoff.py::test_resolve_20250331_uses_bs_within_statutory_not_refreshed_is
1789496453.359189	START	tests/test_financial_announce_cutoff.py::test_resolve_20240930_keeps_original_q3_announce
1789496453.359815	FINISH	tests/test_financial_announce_cutoff.py::test_resolve_20240930_keeps_original_q3_announce
1789496453.359958	START	tests/test_financial_announce_cutoff.py::test_resolve_20251231_max_within_window
1789496453.360595	FINISH	tests/test_financial_announce_cutoff.py::test_resolve_20251231_max_within_window
1789496453.360725	START	tests/test_financial_announce_cutoff.py::test_resolve_all_refreshed_drops_yoy_constructed
1789496453.361345	FINISH	tests/test_financial_announce_cutoff.py::test_resolve_all_refreshed_drops_yoy_constructed
1789496453.361481	START	tests/test_financial_announce_cutoff.py::test_resolve_real_20240331_keeps_bs_ann_not_statutory_only
1789496453.362159	FINISH	tests/test_financial_announce_cutoff.py::test_resolve_real_20240331_keeps_bs_ann_not_statutory_only
1789496453.362300	START	tests/test_financial_announce_cutoff.py::test_resolve_empty_announce_dates_uses_statutory
1789496453.362907	FINISH	tests/test_financial_announce_cutoff.py::test_resolve_empty_announce_dates_uses_statutory
1789496453.363051	START	tests/test_financial_announce_cutoff.py::test_resolve_688981_real_late_filing_uses_actual_announce_not_statutory
1789496453.363668	FINISH	tests/test_financial_announce_cutoff.py::test_resolve_688981_real_late_filing_uses_actual_announce_not_statutory
1789496453.363801	START	tests/test_financial_announce_cutoff.py::test_resolve_688981_mixed_late_and_yoy_keeps_late_drops_yoy
1789496453.364424	FINISH	tests/test_financial_announce_cutoff.py::test_resolve_688981_mixed_late_and_yoy_keeps_late_drops_yoy
1789496453.364554	START	tests/test_financial_announce_cutoff.py::test_resolve_600519_q1_2025_still_drops_yoy_is_cf
1789496453.365234	FINISH	tests/test_financial_announce_cutoff.py::test_resolve_600519_q1_2025_still_drops_yoy_is_cf
1789496453.365376	START	tests/test_financial_announce_cutoff.py::test_filter_income_before_and_after_q1_2025_announce
1789496453.368421	FINISH	tests/test_financial_announce_cutoff.py::test_filter_income_before_and_after_q1_2025_announce
1789496453.368577	START	tests/test_financial_announce_cutoff.py::test_filter_does_not_leak_unannounced_fy_via_report_period
1789496453.370743	FINISH	tests/test_financial_announce_cutoff.py::test_filter_does_not_leak_unannounced_fy_via_report_period
1789496453.370880	START	tests/test_financial_announce_cutoff.py::test_financial_cutoff_header_mentions_period_and_effective_date
1789496453.373056	FINISH	tests/test_financial_announce_cutoff.py::test_financial_cutoff_header_mentions_period_and_effective_date
1789496453.373194	START	tests/test_financial_announce_cutoff.py::test_financial_cutoff_header_appends_yoy_disclaimer
1789496453.373834	FINISH	tests/test_financial_announce_cutoff.py::test_financial_cutoff_header_appends_yoy_disclaimer
1789496453.373977	START	tests/test_financial_announce_cutoff.py::test_financial_cutoff_header_yoy_disclaimer_forced_flag
1789496453.374624	FINISH	tests/test_financial_announce_cutoff.py::test_financial_cutoff_header_yoy_disclaimer_forced_flag
1789496453.374770	START	tests/test_financial_announce_cutoff.py::test_abstract_columns_filtered_by_effective_map
1789496453.377055	FINISH	tests/test_financial_announce_cutoff.py::test_abstract_columns_filtered_by_effective_map
1789496453.377201	START	tests/test_financial_announce_cutoff.py::test_provider_income_truncation_today_vs_90d_ago
1789496453.388819	FINISH	tests/test_financial_announce_cutoff.py::test_provider_income_truncation_today_vs_90d_ago
1789496453.388994	START	tests/test_financial_announce_cutoff.py::test_provider_missing_curr_date_refuses_financials
1789496453.389933	FINISH	tests/test_financial_announce_cutoff.py::test_provider_missing_curr_date_refuses_financials
1789496453.390087	START	tests/test_financial_announce_cutoff.py::test_provider_historical_refuses_ths_fallback
1789496453.391016	FINISH	tests/test_financial_announce_cutoff.py::test_provider_historical_refuses_ths_fallback
1789496453.391149	START	tests/test_financial_announce_cutoff.py::test_shareholder_count_requires_curr_date
1789496453.391771	FINISH	tests/test_financial_announce_cutoff.py::test_shareholder_count_requires_curr_date
1789496453.391915	START	tests/test_financial_announce_cutoff.py::test_fund_flow_requires_curr_date_and_oor_message
1789496453.399584	FINISH	tests/test_financial_announce_cutoff.py::test_fund_flow_requires_curr_date_and_oor_message
1789496453.399740	START	tests/test_financial_announce_cutoff.py::test_provider_income_statement_includes_period_kind_and_no_q2
1789496453.404353	FINISH	tests/test_financial_announce_cutoff.py::test_provider_income_statement_includes_period_kind_and_no_q2
1789496453.404501	START	tests/test_financial_announce_cutoff.py::test_provider_balance_sheet_includes_period_end_stock
1789496453.408281	FINISH	tests/test_financial_announce_cutoff.py::test_provider_balance_sheet_includes_period_end_stock
1789496453.408419	START	tests/test_financial_announce_cutoff.py::test_provider_cashflow_statement_includes_period_kind_and_no_q2
1789496453.412707	FINISH	tests/test_financial_announce_cutoff.py::test_provider_cashflow_statement_includes_period_kind_and_no_q2
1789496453.412854	START	tests/test_financial_announce_cutoff.py::test_build_effective_announce_map_with_ann_date_and_f_ann_date
1789496453.413977	FINISH	tests/test_financial_announce_cutoff.py::test_build_effective_announce_map_with_ann_date_and_f_ann_date
1789496453.414114	START	tests/test_financial_announce_cutoff.py::test_provider_backup_source_with_ann_date_and_f_ann_date_a4_cutoff
1789496453.428944	FINISH	tests/test_financial_announce_cutoff.py::test_provider_backup_source_with_ann_date_and_f_ann_date_a4_cutoff
1789496453.429101	START	tests/test_financial_announce_cutoff.py::test_provider_backup_source_without_ann_date_refused_on_historical_date
1789496453.430182	FINISH	tests/test_financial_announce_cutoff.py::test_provider_backup_source_without_ann_date_refused_on_historical_date
1789496453.430326	START	tests/test_financial_announce_cutoff.py::test_provider_unparseable_curr_date_fails_not_today
1789496453.431919	FINISH	tests/test_financial_announce_cutoff.py::test_provider_unparseable_curr_date_fails_not_today
1789496453.432054	START	tests/test_financial_announce_cutoff.py::test_tushare_financial_tables_error_handling
1789496453.432723	FINISH	tests/test_financial_announce_cutoff.py::test_tushare_financial_tables_error_handling
1789496453.432866	START	tests/test_financial_announce_cutoff.py::test_tushare_financial_tables_valid_envelope_parsing
1789496453.434793	FINISH	tests/test_financial_announce_cutoff.py::test_tushare_financial_tables_valid_envelope_parsing
1789496453.434940	START	tests/test_financial_announce_cutoff.py::test_provider_backup_source_single_ann_date_or_f_ann_date
1789496453.441277	FINISH	tests/test_financial_announce_cutoff.py::test_provider_backup_source_single_ann_date_or_f_ann_date
1789496453.441430	START	tests/test_financial_announce_cutoff.py::test_provider_income_statement_missing_q1_shows_na_declaration
1789496453.445635	FINISH	tests/test_financial_announce_cutoff.py::test_provider_income_statement_missing_q1_shows_na_declaration
1789496453.445782	START	tests/test_financial_announce_cutoff.py::test_provider_income_statement_with_h1_and_q1_derives_q2
1789496453.452371	FINISH	tests/test_financial_announce_cutoff.py::test_provider_income_statement_with_h1_and_q1_derives_q2
1789496453.452522	START	tests/test_financial_announce_cutoff.py::test_provider_income_statement_with_eps_excludes_eps_from_derivation
1789496453.456978	FINISH	tests/test_financial_announce_cutoff.py::test_provider_income_statement_with_eps_excludes_eps_from_derivation
1789496453.457168	START	tests/test_financial_as_of.py::test_extract_source_as_of_eight_interfaces[balance_sheet-## Balance Sheet (600900.SH)\n\n\u3010\u8d22\u52a1\u6570\u636e\u622a\u81f3 2026Q1\u3011\uff08\u751f\u6548\u516c\u544a\u65e5 2026-04-30\uff0c\u5206\u6790\u65e5 2026-08-21\uff09\n\uff08\u8be5\u671f\u9996\u6b21\u516c\u544a\u65e5\u5728\u6570\u636e\u6e90\u4e2d\u5df2\u88ab\u540e\u7eed\u8d22\u62a5\u5237\u65b0\u8986\u76d6\uff0c\u6b64\u5904\u6309\u6cd5\u5b9a\u62ab\u9732\u622a\u6b62\u65e5\u4f30\u8ba1\uff0c\u82e5\u516c\u53f8\u5f53\u671f\u5b9e\u9645\u903e\u671f\u62ab\u9732\uff0c\u53ef\u89c1\u65f6\u70b9\u53ef\u80fd\u665a\u4e8e\u6b64\u4f30\u8ba1\u6570\u65e5\u81f3\u6570\u5468\uff09\n\n|      \u62a5\u544a\u65e5 |     \u516c\u544a\u65e5\u671f |        \u8d27\u5e01\u8d44\u91d1 |        \u5e94\u6536\u8d26\u6b3e |          \u5b58\u8d27 |\n|---------:|---------:|------------:|------------:|------------:|\n| 20260331 | 20260430 |  12345678.0 |   5678901.0 |   2345678.0 |\n-2026-08-21-2026-04-30]
1789496453.461000	FINISH	tests/test_financial_as_of.py::test_extract_source_as_of_eight_interfaces[balance_sheet-## Balance Sheet (600900.SH)\n\n\u3010\u8d22\u52a1\u6570\u636e\u622a\u81f3 2026Q1\u3011\uff08\u751f\u6548\u516c\u544a\u65e5 2026-04-30\uff0c\u5206\u6790\u65e5 2026-08-21\uff09\n\uff08\u8be5\u671f\u9996\u6b21\u516c\u544a\u65e5\u5728\u6570\u636e\u6e90\u4e2d\u5df2\u88ab\u540e\u7eed\u8d22\u62a5\u5237\u65b0\u8986\u76d6\uff0c\u6b64\u5904\u6309\u6cd5\u5b9a\u62ab\u9732\u622a\u6b62\u65e5\u4f30\u8ba1\uff0c\u82e5\u516c\u53f8\u5f53\u671f\u5b9e\u9645\u903e\u671f\u62ab\u9732\uff0c\u53ef\u89c1\u65f6\u70b9\u53ef\u80fd\u665a\u4e8e\u6b64\u4f30\u8ba1\u6570\u65e5\u81f3\u6570\u5468\uff09\n\n|      \u62a5\u544a\u65e5 |     \u516c\u544a\u65e5\u671f |        \u8d27\u5e01\u8d44\u91d1 |        \u5e94\u6536\u8d26\u6b3e |          \u5b58\u8d27 |\n|---------:|---------:|------------:|------------:|------------:|\n| 20260331 | 20260430 |  12345678.0 |   5678901.0 |   2345678.0 |\n-2026-08-21-2026-04-30]
1789496453.461144	START	tests/test_financial_as_of.py::test_extract_source_as_of_eight_interfaces[income_statement-## Income Statement (600900.SH)\n\n\u3010\u8d22\u52a1\u6570\u636e\u622a\u81f3 2026Q1\u3011\uff08\u751f\u6548\u516c\u544a\u65e5 2026-04-30\uff0c\u5206\u6790\u65e5 2026-08-21\uff09\n\uff08\u8be5\u671f\u9996\u6b21\u516c\u544a\u65e5\u5728\u6570\u636e\u6e90\u4e2d\u5df2\u88ab\u540e\u7eed\u8d22\u62a5\u5237\u65b0\u8986\u76d6\uff0c\u6b64\u5904\u6309\u6cd5\u5b9a\u62ab\u9732\u622a\u6b62\u65e5\u4f30\u8ba1\uff0c\u82e5\u516c\u53f8\u5f53\u671f\u5b9e\u9645\u903e\u671f\u62ab\u9732\uff0c\u53ef\u89c1\u65f6\u70b9\u53ef\u80fd\u665a\u4e8e\u6b64\u4f30\u8ba1\u6570\u65e5\u81f3\u6570\u5468\uff09\n\n|      \u62a5\u544a\u65e5 |     \u516c\u544a\u65e5\u671f |       \u8425\u4e1a\u603b\u6536\u5165 |        \u8425\u4e1a\u6536\u5165 |       \u8425\u4e1a\u603b\u6210\u672c |\n|---------:|---------:|------------:|------------:|------------:|\n| 20260331 | 20260430 |  98765432.0 |  98765432.0 |  54321098.0 |\n-2026-08-21-2026-04-30]
1789496453.461965	FINISH	tests/test_financial_as_of.py::test_extract_source_as_of_eight_interfaces[income_statement-## Income Statement (600900.SH)\n\n\u3010\u8d22\u52a1\u6570\u636e\u622a\u81f3 2026Q1\u3011\uff08\u751f\u6548\u516c\u544a\u65e5 2026-04-30\uff0c\u5206\u6790\u65e5 2026-08-21\uff09\n\uff08\u8be5\u671f\u9996\u6b21\u516c\u544a\u65e5\u5728\u6570\u636e\u6e90\u4e2d\u5df2\u88ab\u540e\u7eed\u8d22\u62a5\u5237\u65b0\u8986\u76d6\uff0c\u6b64\u5904\u6309\u6cd5\u5b9a\u62ab\u9732\u622a\u6b62\u65e5\u4f30\u8ba1\uff0c\u82e5\u516c\u53f8\u5f53\u671f\u5b9e\u9645\u903e\u671f\u62ab\u9732\uff0c\u53ef\u89c1\u65f6\u70b9\u53ef\u80fd\u665a\u4e8e\u6b64\u4f30\u8ba1\u6570\u65e5\u81f3\u6570\u5468\uff09\n\n|      \u62a5\u544a\u65e5 |     \u516c\u544a\u65e5\u671f |       \u8425\u4e1a\u603b\u6536\u5165 |        \u8425\u4e1a\u6536\u5165 |       \u8425\u4e1a\u603b\u6210\u672c |\n|---------:|---------:|------------:|------------:|------------:|\n| 20260331 | 20260430 |  98765432.0 |  98765432.0 |  54321098.0 |\n-2026-08-21-2026-04-30]
1789496453.462102	START	tests/test_financial_as_of.py::test_extract_source_as_of_eight_interfaces[cashflow-## Cashflow (600900.SH)\n\n\u3010\u8d22\u52a1\u6570\u636e\u622a\u81f3 2026Q1\u3011\uff08\u751f\u6548\u516c\u544a\u65e5 2026-04-30\uff0c\u5206\u6790\u65e5 2026-08-21\uff09\n\uff08\u8be5\u671f\u9996\u6b21\u516c\u544a\u65e5\u5728\u6570\u636e\u6e90\u4e2d\u5df2\u88ab\u540e\u7eed\u8d22\u62a5\u5237\u65b0\u8986\u76d6\uff0c\u6b64\u5904\u6309\u6cd5\u5b9a\u62ab\u9732\u622a\u6b62\u65e5\u4f30\u8ba1\uff0c\u82e5\u516c\u53f8\u5f53\u671f\u5b9e\u9645\u903e\u671f\u62ab\u9732\uff0c\u53ef\u89c1\u65f6\u70b9\u53ef\u80fd\u665a\u4e8e\u6b64\u4f30\u8ba1\u6570\u65e5\u81f3\u6570\u5468\uff09\n\n|      \u62a5\u544a\u65e5 |     \u516c\u544a\u65e5\u671f |   \u9500\u552e\u5546\u54c1\u3001\u63d0\u4f9b\u52b3\u52a1\u6536\u5230\u7684\u73b0\u91d1 |   \u7ecf\u8425\u6d3b\u52a8\u73b0\u91d1\u6d41\u5165\u5c0f\u8ba1 |\n|---------:|---------:|-----------------:|-------------:|\n| 20260331 | 20260430 |       45678901.0 |   56789012.0 |\n-2026-08-21-2026-04-30]
1789496453.462881	FINISH	tests/test_financial_as_of.py::test_extract_source_as_of_eight_interfaces[cashflow-## Cashflow (600900.SH)\n\n\u3010\u8d22\u52a1\u6570\u636e\u622a\u81f3 2026Q1\u3011\uff08\u751f\u6548\u516c\u544a\u65e5 2026-04-30\uff0c\u5206\u6790\u65e5 2026-08-21\uff09\n\uff08\u8be5\u671f\u9996\u6b21\u516c\u544a\u65e5\u5728\u6570\u636e\u6e90\u4e2d\u5df2\u88ab\u540e\u7eed\u8d22\u62a5\u5237\u65b0\u8986\u76d6\uff0c\u6b64\u5904\u6309\u6cd5\u5b9a\u62ab\u9732\u622a\u6b62\u65e5\u4f30\u8ba1\uff0c\u82e5\u516c\u53f8\u5f53\u671f\u5b9e\u9645\u903e\u671f\u62ab\u9732\uff0c\u53ef\u89c1\u65f6\u70b9\u53ef\u80fd\u665a\u4e8e\u6b64\u4f30\u8ba1\u6570\u65e5\u81f3\u6570\u5468\uff09\n\n|      \u62a5\u544a\u65e5 |     \u516c\u544a\u65e5\u671f |   \u9500\u552e\u5546\u54c1\u3001\u63d0\u4f9b\u52b3\u52a1\u6536\u5230\u7684\u73b0\u91d1 |   \u7ecf\u8425\u6d3b\u52a8\u73b0\u91d1\u6d41\u5165\u5c0f\u8ba1 |\n|---------:|---------:|-----------------:|-------------:|\n| 20260331 | 20260430 |       45678901.0 |   56789012.0 |\n-2026-08-21-2026-04-30]
1789496453.463011	START	tests/test_financial_as_of.py::test_extract_source_as_of_eight_interfaces[fundamentals-## Fundamentals for 600900.SH\n\n### Company Profile\n\n\u3010\u6570\u636e\u83b7\u53d6\u5931\u8d25\u3011Company Profile\uff08\u603b\u5e02\u503c/PE/\u4e2a\u80a1\u4fe1\u606f\uff09\uff1a\u8be5\u6570\u636e\u6e90\u4ec5\u63d0\u4f9b\u5f53\u524d\u5feb\u7167\uff0c\u65e0\u6cd5\u7528\u4e8e\u5386\u53f2\u65e5\u671f\u5206\u6790\uff0c\u672c\u9879\u4e0d\u53ef\u7528\n\n### Financial Abstract\n\n\u3010\u8d22\u52a1\u6570\u636e\u622a\u81f3 2026Q1\u3011\uff08\u751f\u6548\u516c\u544a\u65e5 2026-04-30\uff0c\u5206\u6790\u65e5 2026-08-21\uff09\n\uff08\u8be5\u671f\u9996\u6b21\u516c\u544a\u65e5\u5728\u6570\u636e\u6e90\u4e2d\u5df2\u88ab\u540e\u7eed\u8d22\u62a5\u5237\u65b0\u8986\u76d6\uff0c\u6b64\u5904\u6309\u6cd5\u5b9a\u62ab\u9732\u622a\u6b62\u65e5\u4f30\u8ba1\uff0c\u82e5\u516c\u53f8\u5f53\u671f\u5b9e\u9645\u903e\u671f\u62ab\u9732\uff0c\u53ef\u89c1\u65f6\u70b9\u53ef\u80fd\u665a\u4e8e\u6b64\u4f30\u8ba1\u6570\u65e5\u81f3\u6570\u5468\uff09\n\n| \u9009\u9879   | \u6307\u6807          |     20260331 |     20251231 |\n|:-----|:------------|-------------:|-------------:|\n| \u5e38\u7528   | \u6bcf\u80a1\u6536\u76ca(\u5143)  |         0.35 |         1.20 |\n-2026-08-21-2026-04-30]
1789496453.464355	FINISH	tests/test_financial_as_of.py::test_extract_source_as_of_eight_interfaces[fundamentals-## Fundamentals for 600900.SH\n\n### Company Profile\n\n\u3010\u6570\u636e\u83b7\u53d6\u5931\u8d25\u3011Company Profile\uff08\u603b\u5e02\u503c/PE/\u4e2a\u80a1\u4fe1\u606f\uff09\uff1a\u8be5\u6570\u636e\u6e90\u4ec5\u63d0\u4f9b\u5f53\u524d\u5feb\u7167\uff0c\u65e0\u6cd5\u7528\u4e8e\u5386\u53f2\u65e5\u671f\u5206\u6790\uff0c\u672c\u9879\u4e0d\u53ef\u7528\n\n### Financial Abstract\n\n\u3010\u8d22\u52a1\u6570\u636e\u622a\u81f3 2026Q1\u3011\uff08\u751f\u6548\u516c\u544a\u65e5 2026-04-30\uff0c\u5206\u6790\u65e5 2026-08-21\uff09\n\uff08\u8be5\u671f\u9996\u6b21\u516c\u544a\u65e5\u5728\u6570\u636e\u6e90\u4e2d\u5df2\u88ab\u540e\u7eed\u8d22\u62a5\u5237\u65b0\u8986\u76d6\uff0c\u6b64\u5904\u6309\u6cd5\u5b9a\u62ab\u9732\u622a\u6b62\u65e5\u4f30\u8ba1\uff0c\u82e5\u516c\u53f8\u5f53\u671f\u5b9e\u9645\u903e\u671f\u62ab\u9732\uff0c\u53ef\u89c1\u65f6\u70b9\u53ef\u80fd\u665a\u4e8e\u6b64\u4f30\u8ba1\u6570\u65e5\u81f3\u6570\u5468\uff09\n\n| \u9009\u9879   | \u6307\u6807          |     20260331 |     20251231 |\n|:-----|:------------|-------------:|-------------:|\n| \u5e38\u7528   | \u6bcf\u80a1\u6536\u76ca(\u5143)  |         0.35 |         1.20 |\n-2026-08-21-2026-04-30]
1789496453.464491	START	tests/test_financial_as_of.py::test_extract_source_as_of_eight_interfaces[earnings_forecast_empty-\u3010\u4e1a\u7ee9\u9884\u544a\u6392\u67e5\u3011\u67e5\u8be2\u62a5\u544a\u671f = 20260630\uff082026H1\uff09\u3002\u8be5\u6807\u7684\u5728\u672c\u62a5\u544a\u671f\u6682\u65e0\u4e1a\u7ee9\u9884\u8b66/\u9884\u589e\u516c\u544a\uff08\u67e5\u8be2\u6210\u529f\uff0c\u786e\u8ba4\u65e0\u9884\u544a\uff09\u3002-2026-08-21-2026-06-30]
1789496453.465241	FINISH	tests/test_financial_as_of.py::test_extract_source_as_of_eight_interfaces[earnings_forecast_empty-\u3010\u4e1a\u7ee9\u9884\u544a\u6392\u67e5\u3011\u67e5\u8be2\u62a5\u544a\u671f = 20260630\uff082026H1\uff09\u3002\u8be5\u6807\u7684\u5728\u672c\u62a5\u544a\u671f\u6682\u65e0\u4e1a\u7ee9\u9884\u8b66/\u9884\u589e\u516c\u544a\uff08\u67e5\u8be2\u6210\u529f\uff0c\u786e\u8ba4\u65e0\u9884\u544a\uff09\u3002-2026-08-21-2026-06-30]
1789496453.465369	START	tests/test_financial_as_of.py::test_extract_source_as_of_eight_interfaces[earnings_forecast_data-\u3010\u4e1a\u7ee9\u9884\u544a/\u5feb\u62a5\u3011\u67e5\u8be2\u62a5\u544a\u671f = 20260630\uff082026H1\uff09\u3002\u627e\u5230 1 \u6761\u9884\u544a\u8bb0\u5f55\uff1a\n- \u516c\u544a\u65e5: 2026-07-15 | \u7c7b\u578b: \u9884\u589e | \u53d8\u52a8: 50%\n  \u539f\u56e0\u6458\u8981: \u4e3b\u8425\u4e1a\u52a1\u6301\u7eed\u589e\u957f-2026-08-21-2026-07-15]
1789496453.466113	FINISH	tests/test_financial_as_of.py::test_extract_source_as_of_eight_interfaces[earnings_forecast_data-\u3010\u4e1a\u7ee9\u9884\u544a/\u5feb\u62a5\u3011\u67e5\u8be2\u62a5\u544a\u671f = 20260630\uff082026H1\uff09\u3002\u627e\u5230 1 \u6761\u9884\u544a\u8bb0\u5f55\uff1a\n- \u516c\u544a\u65e5: 2026-07-15 | \u7c7b\u578b: \u9884\u589e | \u53d8\u52a8: 50%\n  \u539f\u56e0\u6458\u8981: \u4e3b\u8425\u4e1a\u52a1\u6301\u7eed\u589e\u957f-2026-08-21-2026-07-15]
1789496453.466242	START	tests/test_financial_as_of.py::test_extract_source_as_of_eight_interfaces[shareholder_count-\u3010\u80a1\u4e1c\u6237\u6570\u4e0e\u7b79\u7801\u96c6\u4e2d\u5ea6\u3011\u6700\u8fd1 4 \u671f\u6237\u6570\u53d8\u52a8\uff1a\n- \u622a\u6b62\u65e5: 2025-08-30 | \u80a1\u4e1c\u6237\u6570: 613514 | \u8f83\u4e0a\u671f\u53d8\u52a8: 77.276733212551% | \u6237\u5747\u5e02\u503c: 1120287.7776912 \u5143\n- \u622a\u6b62\u65e5: 2025-09-30 | \u80a1\u4e1c\u6237\u6570: 601559 | \u8f83\u4e0a\u671f\u53d8\u52a8: -1.948610789648% | \u6237\u5747\u5e02\u503c: 1108384.93441375 \u5143\n- \u622a\u6b62\u65e5: 2025-12-31 | \u80a1\u4e1c\u6237\u6570: 543860 | \u8f83\u4e0a\u671f\u53d8\u52a8: -9.591577883466% | \u6237\u5747\u5e02\u503c: 1223275.91604097 \u5143\n- \u622a\u6b62\u65e5: 2026-03-31 | \u80a1\u4e1c\u6237\u6570: 739609 | \u8f83\u4e0a\u671f\u53d8\u52a8: 35.992534843526% | \u6237\u5747\u5e02\u503c: 894554.564696536 \u5143-2026-08-21-2026-03-31]
1789496453.466994	FINISH	tests/test_financial_as_of.py::test_extract_source_as_of_eight_interfaces[shareholder_count-\u3010\u80a1\u4e1c\u6237\u6570\u4e0e\u7b79\u7801\u96c6\u4e2d\u5ea6\u3011\u6700\u8fd1 4 \u671f\u6237\u6570\u53d8\u52a8\uff1a\n- \u622a\u6b62\u65e5: 2025-08-30 | \u80a1\u4e1c\u6237\u6570: 613514 | \u8f83\u4e0a\u671f\u53d8\u52a8: 77.276733212551% | \u6237\u5747\u5e02\u503c: 1120287.7776912 \u5143\n- \u622a\u6b62\u65e5: 2025-09-30 | \u80a1\u4e1c\u6237\u6570: 601559 | \u8f83\u4e0a\u671f\u53d8\u52a8: -1.948610789648% | \u6237\u5747\u5e02\u503c: 1108384.93441375 \u5143\n- \u622a\u6b62\u65e5: 2025-12-31 | \u80a1\u4e1c\u6237\u6570: 543860 | \u8f83\u4e0a\u671f\u53d8\u52a8: -9.591577883466% | \u6237\u5747\u5e02\u503c: 1223275.91604097 \u5143\n- \u622a\u6b62\u65e5: 2026-03-31 | \u80a1\u4e1c\u6237\u6570: 739609 | \u8f83\u4e0a\u671f\u53d8\u52a8: 35.992534843526% | \u6237\u5747\u5e02\u503c: 894554.564696536 \u5143-2026-08-21-2026-03-31]
1789496453.467132	START	tests/test_financial_as_of.py::test_extract_source_as_of_eight_interfaces[fund_flow_individual_text-\u3010\u5907\u7528\u6570\u636e\u6e90\uff1a\u65b0\u6d6a\u5386\u53f2/\u6536\u76d8\u6570\u636e\u3011600900.SH \u8fd15\u65e5\u4e3b\u529b\u8d44\u91d1\u51c0\u6d41\u5411\uff08\u622a\u81f3\u4e8e 2026-08-21\uff0c\u6700\u65b0\u6570\u636e\u65e5 2026-08-21\uff0c\u5355\u4f4d\uff1a\u4ebf\u5143\uff09\uff1a\n        \u65e5\u671f \u51c0\u6d41\u5165\u989d(\u4ebf) \u4e3b\u529b\u51c0\u6d41\u5165(\u4ebf)     \u51c0\u5360\u6bd4\n2026-08-17    0.50     0.01   2.41%\n2026-08-18    0.41     1.85   2.07%\n2026-08-19   -0.51    -0.61  -1.46%\n2026-08-20    0.14    -0.84   0.60%\n2026-08-21   -1.83    -1.58 -10.26%\n\uff08\u65b0\u6d6a\u5386\u53f2\u63a5\u53e3\u672a\u63d0\u4f9b\u8d85\u5927\u5355/\u5927\u5355/\u4e2d\u5355/\u5c0f\u5355\u660e\u7ec6\uff09-2026-08-21-2026-08-21]
1789496453.580294	FINISH	tests/test_financial_as_of.py::test_extract_source_as_of_eight_interfaces[fund_flow_individual_text-\u3010\u5907\u7528\u6570\u636e\u6e90\uff1a\u65b0\u6d6a\u5386\u53f2/\u6536\u76d8\u6570\u636e\u3011600900.SH \u8fd15\u65e5\u4e3b\u529b\u8d44\u91d1\u51c0\u6d41\u5411\uff08\u622a\u81f3\u4e8e 2026-08-21\uff0c\u6700\u65b0\u6570\u636e\u65e5 2026-08-21\uff0c\u5355\u4f4d\uff1a\u4ebf\u5143\uff09\uff1a\n        \u65e5\u671f \u51c0\u6d41\u5165\u989d(\u4ebf) \u4e3b\u529b\u51c0\u6d41\u5165(\u4ebf)     \u51c0\u5360\u6bd4\n2026-08-17    0.50     0.01   2.41%\n2026-08-18    0.41     1.85   2.07%\n2026-08-19   -0.51    -0.61  -1.46%\n2026-08-20    0.14    -0.84   0.60%\n2026-08-21   -1.83    -1.58 -10.26%\n\uff08\u65b0\u6d6a\u5386\u53f2\u63a5\u53e3\u672a\u63d0\u4f9b\u8d85\u5927\u5355/\u5927\u5355/\u4e2d\u5355/\u5c0f\u5355\u660e\u7ec6\uff09-2026-08-21-2026-08-21]
1789496453.580606	START	tests/test_financial_as_of.py::test_extract_source_as_of_eight_interfaces[fund_flow_individual_obj-\u3010\u5907\u7528\u6570\u636e\u6e90\uff1a\u65b0\u6d6a\u5386\u53f2/\u6536\u76d8\u6570\u636e\u3011600900.SH \u8fd15\u65e5\u4e3b\u529b\u8d44\u91d1\u51c0\u6d41\u5411\uff08\u622a\u81f3\u4e8e 2026-08-21\uff0c\u6700\u65b0\u6570\u636e\u65e5 2026-08-21\uff0c\u5355\u4f4d\uff1a\u4ebf\u5143\uff09\uff1a\n        \u65e5\u671f \u51c0\u6d41\u5165\u989d(\u4ebf) \u4e3b\u529b\u51c0\u6d41\u5165(\u4ebf)     \u51c0\u5360\u6bd4\n2026-08-17    0.50     0.01   2.41%\n2026-08-18    0.41     1.85   2.07%\n2026-08-19   -0.51    -0.61  -1.46%\n2026-08-20    0.14    -0.84   0.60%\n2026-08-21   -1.83    -1.58 -10.26%\n\uff08\u65b0\u6d6a\u5386\u53f2\u63a5\u53e3\u672a\u63d0\u4f9b\u8d85\u5927\u5355/\u5927\u5355/\u4e2d\u5355/\u5c0f\u5355\u660e\u7ec6\uff09-2026-08-21-2026-08-21]
1789496453.581770	FINISH	tests/test_financial_as_of.py::test_extract_source_as_of_eight_interfaces[fund_flow_individual_obj-\u3010\u5907\u7528\u6570\u636e\u6e90\uff1a\u65b0\u6d6a\u5386\u53f2/\u6536\u76d8\u6570\u636e\u3011600900.SH \u8fd15\u65e5\u4e3b\u529b\u8d44\u91d1\u51c0\u6d41\u5411\uff08\u622a\u81f3\u4e8e 2026-08-21\uff0c\u6700\u65b0\u6570\u636e\u65e5 2026-08-21\uff0c\u5355\u4f4d\uff1a\u4ebf\u5143\uff09\uff1a\n        \u65e5\u671f \u51c0\u6d41\u5165\u989d(\u4ebf) \u4e3b\u529b\u51c0\u6d41\u5165(\u4ebf)     \u51c0\u5360\u6bd4\n2026-08-17    0.50     0.01   2.41%\n2026-08-18    0.41     1.85   2.07%\n2026-08-19   -0.51    -0.61  -1.46%\n2026-08-20    0.14    -0.84   0.60%\n2026-08-21   -1.83    -1.58 -10.26%\n\uff08\u65b0\u6d6a\u5386\u53f2\u63a5\u53e3\u672a\u63d0\u4f9b\u8d85\u5927\u5355/\u5927\u5355/\u4e2d\u5355/\u5c0f\u5355\u660e\u7ec6\uff09-2026-08-21-2026-08-21]
1789496453.581949	START	tests/test_financial_as_of.py::test_extract_source_as_of_eight_interfaces[backup_balance_sheet-## Balance Sheet (600900.SH)\n\n\u3010\u8d22\u52a1\u6570\u636e\u622a\u81f3 2026Q1\u3011\uff08\u751f\u6548\u516c\u544a\u65e5 2026-04-28\uff0c\u5206\u6790\u65e5 2026-08-21\uff09\n\n|      \u62a5\u544a\u65e5 |     \u516c\u544a\u65e5\u671f |     \u5b9e\u9645\u516c\u544a\u65e5 |        \u8d44\u4ea7\u603b\u8ba1 |        \u8d1f\u503a\u5408\u8ba1 |\n|---------:|---------:|------------:|------------:|------------:|\n| 20260331 | 20260430 | 20260428    |  12345678.0 |   5678901.0 |\n-2026-08-21-2026-04-28]
1789496453.582825	FINISH	tests/test_financial_as_of.py::test_extract_source_as_of_eight_interfaces[backup_balance_sheet-## Balance Sheet (600900.SH)\n\n\u3010\u8d22\u52a1\u6570\u636e\u622a\u81f3 2026Q1\u3011\uff08\u751f\u6548\u516c\u544a\u65e5 2026-04-28\uff0c\u5206\u6790\u65e5 2026-08-21\uff09\n\n|      \u62a5\u544a\u65e5 |     \u516c\u544a\u65e5\u671f |     \u5b9e\u9645\u516c\u544a\u65e5 |        \u8d44\u4ea7\u603b\u8ba1 |        \u8d1f\u503a\u5408\u8ba1 |\n|---------:|---------:|------------:|------------:|------------:|\n| 20260331 | 20260430 | 20260428    |  12345678.0 |   5678901.0 |\n-2026-08-21-2026-04-28]
1789496453.582964	START	tests/test_financial_as_of.py::test_extract_source_as_of_eight_interfaces[restricted_release_none-\u3010\u89e3\u7981\u6392\u67e5\u3011\u6570\u636e\u57fa\u51c6\u65e5\uff1a2026-08-21\u3002\u8ddd\u5f53\u524d\u5206\u6790\u65e5\u671f\u524d\u540e60\u65e5\u5185\u65e0\u9650\u552e\u80a1\u89e3\u7981\u8bb0\u5f55\uff0c\u65e0\u91cd\u5927\u89e3\u7981\u51b2\u51fb\u98ce\u9669\u3002-2026-08-21-2026-08-21]
1789496453.583734	FINISH	tests/test_financial_as_of.py::test_extract_source_as_of_eight_interfaces[restricted_release_none-\u3010\u89e3\u7981\u6392\u67e5\u3011\u6570\u636e\u57fa\u51c6\u65e5\uff1a2026-08-21\u3002\u8ddd\u5f53\u524d\u5206\u6790\u65e5\u671f\u524d\u540e60\u65e5\u5185\u65e0\u9650\u552e\u80a1\u89e3\u7981\u8bb0\u5f55\uff0c\u65e0\u91cd\u5927\u89e3\u7981\u51b2\u51fb\u98ce\u9669\u3002-2026-08-21-2026-08-21]
1789496453.583884	START	tests/test_financial_as_of.py::test_extract_source_as_of_eight_interfaces[restricted_release_data-\u3010\u9650\u552e\u89e3\u7981\u98ce\u9669\u9884\u8b66\u3011\uff08\u6570\u636e\u57fa\u51c6\u65e5\uff1a2026-08-21\uff09\u627e\u5230 1 \u6761\u8fd1\u671f\u89e3\u7981\u8bb0\u5f55\uff1a\n- \u89e3\u7981\u65e5\u671f: 2026-08-15 | \u7c7b\u578b: \u9996\u53d1\u539f\u80a1\u4e1c\u9650\u552e\u80a1\u4efd | \u5360\u6bd4\u6d41\u901a\u5e02\u503c: 12.5%-2026-08-21-2026-08-21]
1789496453.584734	FINISH	tests/test_financial_as_of.py::test_extract_source_as_of_eight_interfaces[restricted_release_data-\u3010\u9650\u552e\u89e3\u7981\u98ce\u9669\u9884\u8b66\u3011\uff08\u6570\u636e\u57fa\u51c6\u65e5\uff1a2026-08-21\uff09\u627e\u5230 1 \u6761\u8fd1\u671f\u89e3\u7981\u8bb0\u5f55\uff1a\n- \u89e3\u7981\u65e5\u671f: 2026-08-15 | \u7c7b\u578b: \u9996\u53d1\u539f\u80a1\u4e1c\u9650\u552e\u80a1\u4efd | \u5360\u6bd4\u6d41\u901a\u5e02\u503c: 12.5%-2026-08-21-2026-08-21]
1789496453.584878	START	tests/test_financial_as_of.py::test_build_source_provenance_eight_interfaces_no_unverified_gap
1789496453.585864	FINISH	tests/test_financial_as_of.py::test_build_source_provenance_eight_interfaces_no_unverified_gap
1789496453.586016	START	tests/test_financial_as_of.py::test_extract_as_of_financial_statements
1789496453.586598	FINISH	tests/test_financial_as_of.py::test_extract_as_of_financial_statements
1789496453.586745	START	tests/test_financial_as_of.py::test_classify_and_compact_reason_triage
1789496453.587316	FINISH	tests/test_financial_as_of.py::test_classify_and_compact_reason_triage
1789496453.587443	START	tests/test_financial_as_of.py::test_smoke_three_tickers_eight_interfaces_as_of[600900.SH]
1789496453.615353	FINISH	tests/test_financial_as_of.py::test_smoke_three_tickers_eight_interfaces_as_of[600900.SH]
1789496453.615577	START	tests/test_financial_as_of.py::test_smoke_three_tickers_eight_interfaces_as_of[000333.SZ]
1789496453.640726	FINISH	tests/test_financial_as_of.py::test_smoke_three_tickers_eight_interfaces_as_of[000333.SZ]
1789496453.640911	START	tests/test_financial_as_of.py::test_smoke_three_tickers_eight_interfaces_as_of[600276.SH]
1789496453.666794	FINISH	tests/test_financial_as_of.py::test_smoke_three_tickers_eight_interfaces_as_of[600276.SH]
1789496453.667026	START	tests/test_financial_as_of.py::test_provider_sina_failure_refuses_ths_fallback_and_reports_failure
1789496453.668764	FINISH	tests/test_financial_as_of.py::test_provider_sina_failure_refuses_ths_fallback_and_reports_failure
1789496453.668935	START	tests/test_financial_as_of.py::test_rt5_future_only_fuyao_enters_future_ledger
1789496453.674567	FINISH	tests/test_financial_as_of.py::test_rt5_future_only_fuyao_enters_future_ledger
1789496453.674724	START	tests/test_financial_as_of.py::test_rt6_fuyao_verified_four_financial_sources
1789496453.689477	FINISH	tests/test_financial_as_of.py::test_rt6_fuyao_verified_four_financial_sources
1789496453.689657	START	tests/test_financial_as_of.py::test_rt7_unverified_as_of_with_financial_values
1789496453.708787	FINISH	tests/test_financial_as_of.py::test_rt7_unverified_as_of_with_financial_values
1789496453.708952	START	tests/test_financial_as_of.py::test_rt8_provider_error_empty_table_failure_remain_refused
1789496453.719903	FINISH	tests/test_financial_as_of.py::test_rt8_provider_error_empty_table_failure_remain_refused
1789496453.720063	START	tests/test_financial_as_of.py::test_rt9_three_way_non_convergence
1789496453.727689	FINISH	tests/test_financial_as_of.py::test_rt9_three_way_non_convergence
1789496453.727859	START	tests/test_financial_as_of.py::test_rt10_akshare_fallback_semantics
1789496453.733052	FINISH	tests/test_financial_as_of.py::test_rt10_akshare_fallback_semantics
1789496453.733212	START	tests/test_financial_as_of.py::test_rt12_fuyao_four_sources_provenance_and_failure_ledger
1789496453.752257	FINISH	tests/test_financial_as_of.py::test_rt12_fuyao_four_sources_provenance_and_failure_ledger
1789496453.752470	START	tests/test_financial_period_compliance.py::test_rt5_cumulative_labeled_as_single_quarter
1789496453.754108	FINISH	tests/test_financial_period_compliance.py::test_rt5_cumulative_labeled_as_single_quarter
1789496453.754256	START	tests/test_financial_period_compliance.py::test_rt6_cumulative_double_counted
1789496453.755666	FINISH	tests/test_financial_period_compliance.py::test_rt6_cumulative_double_counted
1789496453.755801	START	tests/test_financial_period_compliance.py::test_rt7_valid_cumulative_and_derived_not_flagged
1789496453.756464	FINISH	tests/test_financial_period_compliance.py::test_rt7_valid_cumulative_and_derived_not_flagged
1789496453.756612	START	tests/test_financial_period_compliance.py::test_rt8_single_quarter_without_derivation_when_unavailable
1789496453.757345	FINISH	tests/test_financial_period_compliance.py::test_rt8_single_quarter_without_derivation_when_unavailable
1789496453.757487	START	tests/test_financial_period_compliance.py::test_rt9_q3_and_q4_cumulative_labeled_as_single_quarter
1789496453.758374	FINISH	tests/test_financial_period_compliance.py::test_rt9_q3_and_q4_cumulative_labeled_as_single_quarter
1789496453.758527	START	tests/test_financial_period_compliance.py::test_rt10_point_in_time_balance_stock_not_flagged
1789496453.759170	FINISH	tests/test_financial_period_compliance.py::test_rt10_point_in_time_balance_stock_not_flagged
1789496453.759319	START	tests/test_financial_period_compliance.py::test_rt11_unit_conversion_scientific_notation_and_tolerances
1789496453.760021	FINISH	tests/test_financial_period_compliance.py::test_rt11_unit_conversion_scientific_notation_and_tolerances
1789496453.760150	START	tests/test_financial_period_compliance.py::test_rt12_no_period_or_news_attribution_not_misreported
1789496453.760998	FINISH	tests/test_financial_period_compliance.py::test_rt12_no_period_or_news_attribution_not_misreported
1789496453.761149	START	tests/test_financial_period_compliance.py::test_rt13_frozen_sample_6350b744_e2e_violations
1789496453.778485	FINISH	tests/test_financial_period_compliance.py::test_rt13_frozen_sample_6350b744_e2e_violations
1789496453.778658	START	tests/test_financial_period_compliance.py::test_rt14_storage_payload_and_dual_horizon_preservation
1789496453.779536	FINISH	tests/test_financial_period_compliance.py::test_rt14_storage_payload_and_dual_horizon_preservation
1789496453.779697	START	tests/test_financial_period_compliance.py::test_rt15_distinguish_clean_from_not_checked
1789496453.780404	FINISH	tests/test_financial_period_compliance.py::test_rt15_distinguish_clean_from_not_checked
1789496453.780541	START	tests/test_financial_period_compliance.py::test_rt16_non_blocking_does_not_alter_analysis_status
1789496493.081060	FINISH	tests/test_financial_period_compliance.py::test_rt16_non_blocking_does_not_alter_analysis_status
1789496493.081281	START	tests/test_financial_period_compliance.py::test_violations_schema_strictness_and_native_json_types
1789496493.082248	FINISH	tests/test_financial_period_compliance.py::test_violations_schema_strictness_and_native_json_types
1789496493.082408	START	tests/test_financial_period_compliance.py::test_akshare_format_support_and_classification
1789496493.083371	FINISH	tests/test_financial_period_compliance.py::test_akshare_format_support_and_classification
1789496493.083507	START	tests/test_financial_period_compliance.py::test_amount_extraction_units_and_exclusions
1789496493.084135	FINISH	tests/test_financial_period_compliance.py::test_amount_extraction_units_and_exclusions
1789496493.084265	START	tests/test_financial_period_compliance.py::test_graceful_handling_of_edge_cases
1789496493.084892	FINISH	tests/test_financial_period_compliance.py::test_graceful_handling_of_edge_cases
1789496493.085064	START	tests/test_financial_period_kind.py::test_classify_income_periods[20240331-first_quarter-2024Q1]
1789496493.085805	FINISH	tests/test_financial_period_kind.py::test_classify_income_periods[20240331-first_quarter-2024Q1]
1789496493.085941	START	tests/test_financial_period_kind.py::test_classify_income_periods[20240630-half_year_cumulative-2024H1]
1789496493.086768	FINISH	tests/test_financial_period_kind.py::test_classify_income_periods[20240630-half_year_cumulative-2024H1]
1789496493.086910	START	tests/test_financial_period_kind.py::test_classify_income_periods[20240930-nine_month_cumulative-2024Q3]
1789496493.087628	FINISH	tests/test_financial_period_kind.py::test_classify_income_periods[20240930-nine_month_cumulative-2024Q3]
1789496493.087753	START	tests/test_financial_period_kind.py::test_classify_income_periods[20241231-annual_cumulative-2024A]
1789496493.088464	FINISH	tests/test_financial_period_kind.py::test_classify_income_periods[20241231-annual_cumulative-2024A]
1789496493.088603	START	tests/test_financial_period_kind.py::test_classify_cashflow_periods[20240331-first_quarter-2024Q1]
1789496493.089321	FINISH	tests/test_financial_period_kind.py::test_classify_cashflow_periods[20240331-first_quarter-2024Q1]
1789496493.089458	START	tests/test_financial_period_kind.py::test_classify_cashflow_periods[20240630-half_year_cumulative-2024H1]
1789496493.090247	FINISH	tests/test_financial_period_kind.py::test_classify_cashflow_periods[20240630-half_year_cumulative-2024H1]
1789496493.090383	START	tests/test_financial_period_kind.py::test_classify_cashflow_periods[20240930-nine_month_cumulative-2024Q3]
1789496493.091093	FINISH	tests/test_financial_period_kind.py::test_classify_cashflow_periods[20240930-nine_month_cumulative-2024Q3]
1789496493.091223	START	tests/test_financial_period_kind.py::test_classify_cashflow_periods[20241231-annual_cumulative-2024A]
1789496493.091937	FINISH	tests/test_financial_period_kind.py::test_classify_cashflow_periods[20241231-annual_cumulative-2024A]
1789496493.092071	START	tests/test_financial_period_kind.py::test_classify_balance_periods[20240331-2024Q1]
1789496493.092746	FINISH	tests/test_financial_period_kind.py::test_classify_balance_periods[20240331-2024Q1]
1789496493.092883	START	tests/test_financial_period_kind.py::test_classify_balance_periods[20240630-2024H1]
1789496493.094347	FINISH	tests/test_financial_period_kind.py::test_classify_balance_periods[20240630-2024H1]
1789496493.094472	START	tests/test_financial_period_kind.py::test_classify_balance_periods[20240930-2024Q3]
1789496493.095130	FINISH	tests/test_financial_period_kind.py::test_classify_balance_periods[20240930-2024Q3]
1789496493.095265	START	tests/test_financial_period_kind.py::test_classify_balance_periods[20241231-2024A]
1789496493.095931	FINISH	tests/test_financial_period_kind.py::test_classify_balance_periods[20241231-2024A]
1789496493.096052	START	tests/test_financial_period_kind.py::test_classify_invalid_inputs
1789496493.096950	FINISH	tests/test_financial_period_kind.py::test_classify_invalid_inputs
1789496493.097076	START	tests/test_financial_period_kind.py::test_financial_cutoff_header_preserves_legacy_when_statement_kind_none
1789496493.097773	FINISH	tests/test_financial_period_kind.py::test_financial_cutoff_header_preserves_legacy_when_statement_kind_none
1789496493.097913	START	tests/test_financial_period_kind.py::test_financial_cutoff_header_with_statement_kind_income
1789496493.098562	FINISH	tests/test_financial_period_kind.py::test_financial_cutoff_header_with_statement_kind_income
1789496493.098685	START	tests/test_financial_period_kind.py::test_financial_cutoff_header_with_statement_kind_balance
1789496493.099322	FINISH	tests/test_financial_period_kind.py::test_financial_cutoff_header_with_statement_kind_balance
1789496493.099452	START	tests/test_financial_period_kind.py::test_financial_cutoff_header_with_statement_kind_cashflow
1789496493.100089	FINISH	tests/test_financial_period_kind.py::test_financial_cutoff_header_with_statement_kind_cashflow
1789496493.100225	START	tests/test_financial_period_kind.py::test_financial_cutoff_header_none_latest_with_statement_kind
1789496493.100860	FINISH	tests/test_financial_period_kind.py::test_financial_cutoff_header_none_latest_with_statement_kind
1789496493.100987	START	tests/test_financial_period_kind.py::test_derive_q2_income_statement_success
1789496493.102062	FINISH	tests/test_financial_period_kind.py::test_derive_q2_income_statement_success
1789496493.102201	START	tests/test_financial_period_kind.py::test_derive_q2_income_statement_excludes_eps
1789496493.103043	FINISH	tests/test_financial_period_kind.py::test_derive_q2_income_statement_excludes_eps
1789496493.103181	START	tests/test_financial_period_kind.py::test_derive_q2_defends_against_per_share_columns_even_if_in_whitelist
1789496493.104065	FINISH	tests/test_financial_period_kind.py::test_derive_q2_defends_against_per_share_columns_even_if_in_whitelist
1789496493.104189	START	tests/test_financial_period_kind.py::test_derive_q2_cashflow_statement_success_and_excludes_stock
1789496493.105091	FINISH	tests/test_financial_period_kind.py::test_derive_q2_cashflow_statement_success_and_excludes_stock
1789496493.105216	START	tests/test_financial_period_kind.py::test_derive_q2_cashflow_sina_fixture_ignores_amount_columns_with_scope_words
1789496493.108791	FINISH	tests/test_financial_period_kind.py::test_derive_q2_cashflow_sina_fixture_ignores_amount_columns_with_scope_words
1789496493.108935	START	tests/test_financial_period_kind.py::test_derive_q2_ignores_scope_words_inside_amount_columns
1789496493.109795	FINISH	tests/test_financial_period_kind.py::test_derive_q2_ignores_scope_words_inside_amount_columns
1789496493.109930	START	tests/test_financial_period_kind.py::test_derive_q2_missing_q1
1789496493.110727	FINISH	tests/test_financial_period_kind.py::test_derive_q2_missing_q1
1789496493.110857	START	tests/test_financial_period_kind.py::test_derive_q2_not_h1_latest
1789496493.111728	FINISH	tests/test_financial_period_kind.py::test_derive_q2_not_h1_latest
1789496493.111854	START	tests/test_financial_period_kind.py::test_derive_q2_scope_mismatch[\u5408\u5e76\u8303\u56f4-\u5408\u5e76\u62a5\u8868-\u6bcd\u516c\u53f8\u62a5\u8868]
1789496493.112763	FINISH	tests/test_financial_period_kind.py::test_derive_q2_scope_mismatch[\u5408\u5e76\u8303\u56f4-\u5408\u5e76\u62a5\u8868-\u6bcd\u516c\u53f8\u62a5\u8868]
1789496493.112898	START	tests/test_financial_period_kind.py::test_derive_q2_scope_mismatch[\u5e01\u79cd-CNY-USD]
1789496493.113807	FINISH	tests/test_financial_period_kind.py::test_derive_q2_scope_mismatch[\u5e01\u79cd-CNY-USD]
1789496493.113943	START	tests/test_financial_period_kind.py::test_derive_q2_scope_mismatch[\u5355\u4f4d-\u5343\u5143-\u5143]
1789496493.114838	FINISH	tests/test_financial_period_kind.py::test_derive_q2_scope_mismatch[\u5355\u4f4d-\u5343\u5143-\u5143]
1789496493.114963	START	tests/test_financial_period_kind.py::test_derive_q2_scope_mismatch[\u4f1a\u8ba1\u53e3\u5f84-\u65b0\u51c6\u5219-\u65e7\u51c6\u5219]
1789496493.115956	FINISH	tests/test_financial_period_kind.py::test_derive_q2_scope_mismatch[\u4f1a\u8ba1\u53e3\u5f84-\u65b0\u51c6\u5219-\u65e7\u51c6\u5219]
1789496493.116080	START	tests/test_financial_period_kind.py::test_derive_q2_scope_mismatch[\u62a5\u8868\u5e01\u79cd-CNY-USD]
1789496493.116995	FINISH	tests/test_financial_period_kind.py::test_derive_q2_scope_mismatch[\u62a5\u8868\u5e01\u79cd-CNY-USD]
1789496493.117136	START	tests/test_financial_period_kind.py::test_derive_q2_scope_mismatch[\u62a5\u8868\u5355\u4f4d-\u5343\u5143-\u5143]
1789496493.118035	FINISH	tests/test_financial_period_kind.py::test_derive_q2_scope_mismatch[\u62a5\u8868\u5355\u4f4d-\u5343\u5143-\u5143]
1789496493.118177	START	tests/test_financial_period_kind.py::test_derive_q2_scope_mismatch[\u672c\u671f\u4f1a\u8ba1\u53e3\u5f84-\u65b0\u51c6\u5219-\u65e7\u51c6\u5219]
1789496493.119076	FINISH	tests/test_financial_period_kind.py::test_derive_q2_scope_mismatch[\u672c\u671f\u4f1a\u8ba1\u53e3\u5f84-\u65b0\u51c6\u5219-\u65e7\u51c6\u5219]
1789496493.119212	START	tests/test_financial_period_kind.py::test_derive_q2_scope_mismatch[\u5408\u5e76\u8303\u56f4-\u5408\u5e76-None]
1789496493.120205	FINISH	tests/test_financial_period_kind.py::test_derive_q2_scope_mismatch[\u5408\u5e76\u8303\u56f4-\u5408\u5e76-None]
1789496493.120340	START	tests/test_financial_period_kind.py::test_derive_q2_percent_only
1789496493.121118	FINISH	tests/test_financial_period_kind.py::test_derive_q2_percent_only
1789496493.121241	START	tests/test_financial_period_kind.py::test_derive_q2_balance_sheet_refused
1789496493.121876	FINISH	tests/test_financial_period_kind.py::test_derive_q2_balance_sheet_refused
1789496493.121999	START	tests/test_financial_period_kind.py::test_format_q2_derivation_block_success
1789496493.122556	FINISH	tests/test_financial_period_kind.py::test_format_q2_derivation_block_success
1789496493.122685	START	tests/test_financial_period_kind.py::test_format_q2_derivation_block_failure
1789496493.123321	FINISH	tests/test_financial_period_kind.py::test_format_q2_derivation_block_failure
1789496493.123458	START	tests/test_financial_period_kind.py::test_is_scope_comparison_column_annotated_and_amount_isolation[\u5355\u4f4d-True]
1789496493.124091	FINISH	tests/test_financial_period_kind.py::test_is_scope_comparison_column_annotated_and_amount_isolation[\u5355\u4f4d-True]
1789496493.124216	START	tests/test_financial_period_kind.py::test_is_scope_comparison_column_annotated_and_amount_isolation[\u5e01\u79cd-True]
1789496493.124830	FINISH	tests/test_financial_period_kind.py::test_is_scope_comparison_column_annotated_and_amount_isolation[\u5e01\u79cd-True]
1789496493.124953	START	tests/test_financial_period_kind.py::test_is_scope_comparison_column_annotated_and_amount_isolation[\u5408\u5e76\u8303\u56f4-True]
1789496493.125574	FINISH	tests/test_financial_period_kind.py::test_is_scope_comparison_column_annotated_and_amount_isolation[\u5408\u5e76\u8303\u56f4-True]
1789496493.125695	START	tests/test_financial_period_kind.py::test_is_scope_comparison_column_annotated_and_amount_isolation[\u4f1a\u8ba1\u53e3\u5f84-True]
1789496493.126412	FINISH	tests/test_financial_period_kind.py::test_is_scope_comparison_column_annotated_and_amount_isolation[\u4f1a\u8ba1\u53e3\u5f84-True]
1789496493.126551	START	tests/test_financial_period_kind.py::test_is_scope_comparison_column_annotated_and_amount_isolation[\u62a5\u8868\u5355\u4f4d-True]
1789496493.127182	FINISH	tests/test_financial_period_kind.py::test_is_scope_comparison_column_annotated_and_amount_isolation[\u62a5\u8868\u5355\u4f4d-True]
1789496493.127319	START	tests/test_financial_period_kind.py::test_is_scope_comparison_column_annotated_and_amount_isolation[\u62a5\u8868\u5e01\u79cd-True]
1789496493.127942	FINISH	tests/test_financial_period_kind.py::test_is_scope_comparison_column_annotated_and_amount_isolation[\u62a5\u8868\u5e01\u79cd-True]
1789496493.128069	START	tests/test_financial_period_kind.py::test_is_scope_comparison_column_annotated_and_amount_isolation[\u672c\u671f\u4f1a\u8ba1\u53e3\u5f84-True]
1789496493.128695	FINISH	tests/test_financial_period_kind.py::test_is_scope_comparison_column_annotated_and_amount_isolation[\u672c\u671f\u4f1a\u8ba1\u53e3\u5f84-True]
1789496493.128816	START	tests/test_financial_period_kind.py::test_is_scope_comparison_column_annotated_and_amount_isolation[\u5355\u4f4d\uff1a\u5143-True]
1789496493.129525	FINISH	tests/test_financial_period_kind.py::test_is_scope_comparison_column_annotated_and_amount_isolation[\u5355\u4f4d\uff1a\u5143-True]
1789496493.129655	START	tests/test_financial_period_kind.py::test_is_scope_comparison_column_annotated_and_amount_isolation[\u5355\u4f4d:\u5143-True]
1789496493.130272	FINISH	tests/test_financial_period_kind.py::test_is_scope_comparison_column_annotated_and_amount_isolation[\u5355\u4f4d:\u5143-True]
1789496493.130406	START	tests/test_financial_period_kind.py::test_is_scope_comparison_column_annotated_and_amount_isolation[\u5355\u4f4d: \u5143-True]
1789496493.131067	FINISH	tests/test_financial_period_kind.py::test_is_scope_comparison_column_annotated_and_amount_isolation[\u5355\u4f4d: \u5143-True]
1789496493.131191	START	tests/test_financial_period_kind.py::test_is_scope_comparison_column_annotated_and_amount_isolation[\u5355\u4f4d : \u5143-True]
1789496493.131833	FINISH	tests/test_financial_period_kind.py::test_is_scope_comparison_column_annotated_and_amount_isolation[\u5355\u4f4d : \u5143-True]
1789496493.131968	START	tests/test_financial_period_kind.py::test_is_scope_comparison_column_annotated_and_amount_isolation[\u5355\u4f4d\uff1a\u4e07\u5143-True]
1789496493.132686	FINISH	tests/test_financial_period_kind.py::test_is_scope_comparison_column_annotated_and_amount_isolation[\u5355\u4f4d\uff1a\u4e07\u5143-True]
1789496493.132818	START	tests/test_financial_period_kind.py::test_is_scope_comparison_column_annotated_and_amount_isolation[\u62a5\u8868\u5355\u4f4d\uff1a\u5343\u5143-True]
1789496493.133448	FINISH	tests/test_financial_period_kind.py::test_is_scope_comparison_column_annotated_and_amount_isolation[\u62a5\u8868\u5355\u4f4d\uff1a\u5343\u5143-True]
1789496493.133583	START	tests/test_financial_period_kind.py::test_is_scope_comparison_column_annotated_and_amount_isolation[\u672c\u671f\u4f1a\u8ba1\u53e3\u5f84:\u65b0\u51c6\u5219-True]
1789496493.134222	FINISH	tests/test_financial_period_kind.py::test_is_scope_comparison_column_annotated_and_amount_isolation[\u672c\u671f\u4f1a\u8ba1\u53e3\u5f84:\u65b0\u51c6\u5219-True]
1789496493.134356	START	tests/test_financial_period_kind.py::test_is_scope_comparison_column_annotated_and_amount_isolation[\u5e01\u79cd\uff08CNY\uff09-True]
1789496493.134996	FINISH	tests/test_financial_period_kind.py::test_is_scope_comparison_column_annotated_and_amount_isolation[\u5e01\u79cd\uff08CNY\uff09-True]
1789496493.135117	START	tests/test_financial_period_kind.py::test_is_scope_comparison_column_annotated_and_amount_isolation[\u5e01\u79cd(CNY)-True]
1789496493.135830	FINISH	tests/test_financial_period_kind.py::test_is_scope_comparison_column_annotated_and_amount_isolation[\u5e01\u79cd(CNY)-True]
1789496493.135955	START	tests/test_financial_period_kind.py::test_is_scope_comparison_column_annotated_and_amount_isolation[\u5e01\u79cd (CNY)-True]
1789496493.136588	FINISH	tests/test_financial_period_kind.py::test_is_scope_comparison_column_annotated_and_amount_isolation[\u5e01\u79cd (CNY)-True]
1789496493.136728	START	tests/test_financial_period_kind.py::test_is_scope_comparison_column_annotated_and_amount_isolation[\u5e01\u79cd\uff08RMB\uff09-True]
1789496493.137367	FINISH	tests/test_financial_period_kind.py::test_is_scope_comparison_column_annotated_and_amount_isolation[\u5e01\u79cd\uff08RMB\uff09-True]
1789496493.137497	START	tests/test_financial_period_kind.py::test_is_scope_comparison_column_annotated_and_amount_isolation[\u5e01\u79cd [CNY]-True]
1789496493.138117	FINISH	tests/test_financial_period_kind.py::test_is_scope_comparison_column_annotated_and_amount_isolation[\u5e01\u79cd [CNY]-True]
1789496493.138238	START	tests/test_financial_period_kind.py::test_is_scope_comparison_column_annotated_and_amount_isolation[\u5355\u4f4d(\u5143)-True]
1789496493.139262	FINISH	tests/test_financial_period_kind.py::test_is_scope_comparison_column_annotated_and_amount_isolation[\u5355\u4f4d(\u5143)-True]
1789496493.139396	START	tests/test_financial_period_kind.py::test_is_scope_comparison_column_annotated_and_amount_isolation[\u5355\u4f4d\u3010\u5143\u3011-True]
1789496493.140024	FINISH	tests/test_financial_period_kind.py::test_is_scope_comparison_column_annotated_and_amount_isolation[\u5355\u4f4d\u3010\u5143\u3011-True]
1789496493.140148	START	tests/test_financial_period_kind.py::test_is_scope_comparison_column_annotated_and_amount_isolation[\u62a5\u8868\u5e01\u79cd\uff08CNY\uff09-True]
1789496493.140770	FINISH	tests/test_financial_period_kind.py::test_is_scope_comparison_column_annotated_and_amount_isolation[\u62a5\u8868\u5e01\u79cd\uff08CNY\uff09-True]
1789496493.140907	START	tests/test_financial_period_kind.py::test_is_scope_comparison_column_annotated_and_amount_isolation[\u4f1a\u8ba1\u53e3\u5f84\uff08\u5408\u5e76\uff09-True]
1789496493.141557	FINISH	tests/test_financial_period_kind.py::test_is_scope_comparison_column_annotated_and_amount_isolation[\u4f1a\u8ba1\u53e3\u5f84\uff08\u5408\u5e76\uff09-True]
1789496493.141679	START	tests/test_financial_period_kind.py::test_is_scope_comparison_column_annotated_and_amount_isolation[\u4f1a\u8ba1\u53e3\u5f84(\u5408\u5e76)-True]
1789496493.142364	FINISH	tests/test_financial_period_kind.py::test_is_scope_comparison_column_annotated_and_amount_isolation[\u4f1a\u8ba1\u53e3\u5f84(\u5408\u5e76)-True]
1789496493.142493	START	tests/test_financial_period_kind.py::test_is_scope_comparison_column_annotated_and_amount_isolation[\u8425\u4e1a\u5355\u4f4d-False]
1789496493.143122	FINISH	tests/test_financial_period_kind.py::test_is_scope_comparison_column_annotated_and_amount_isolation[\u8425\u4e1a\u5355\u4f4d-False]
1789496493.143261	START	tests/test_financial_period_kind.py::test_is_scope_comparison_column_annotated_and_amount_isolation[\u8425\u4e1a\u5355\u4f4d\uff1a\u5143-False]
1789496493.143893	FINISH	tests/test_financial_period_kind.py::test_is_scope_comparison_column_annotated_and_amount_isolation[\u8425\u4e1a\u5355\u4f4d\uff1a\u5143-False]
1789496493.144016	START	tests/test_financial_period_kind.py::test_is_scope_comparison_column_annotated_and_amount_isolation[\u8425\u4e1a\u5355\u4f4d(\u5143)-False]
1789496493.144644	FINISH	tests/test_financial_period_kind.py::test_is_scope_comparison_column_annotated_and_amount_isolation[\u8425\u4e1a\u5355\u4f4d(\u5143)-False]
1789496493.144783	START	tests/test_financial_period_kind.py::test_is_scope_comparison_column_annotated_and_amount_isolation[\u5904\u7f6e\u5b50\u516c\u53f8\u53ca\u5176\u4ed6\u8425\u4e1a\u5355\u4f4d\u6536\u5230\u7684\u73b0\u91d1\u51c0\u989d-False]
1789496493.145488	FINISH	tests/test_financial_period_kind.py::test_is_scope_comparison_column_annotated_and_amount_isolation[\u5904\u7f6e\u5b50\u516c\u53f8\u53ca\u5176\u4ed6\u8425\u4e1a\u5355\u4f4d\u6536\u5230\u7684\u73b0\u91d1\u51c0\u989d-False]
1789496493.145620	START	tests/test_financial_period_kind.py::test_is_scope_comparison_column_annotated_and_amount_isolation[\u6309\u5e01\u79cd\u6298\u7b97\u91d1\u989d-False]
1789496493.146244	FINISH	tests/test_financial_period_kind.py::test_is_scope_comparison_column_annotated_and_amount_isolation[\u6309\u5e01\u79cd\u6298\u7b97\u91d1\u989d-False]
1789496493.146376	START	tests/test_financial_period_kind.py::test_is_scope_comparison_column_annotated_and_amount_isolation[\u8425\u4e1a\u6536\u5165-False]
1789496493.147011	FINISH	tests/test_financial_period_kind.py::test_is_scope_comparison_column_annotated_and_amount_isolation[\u8425\u4e1a\u6536\u5165-False]
1789496493.147147	START	tests/test_financial_period_kind.py::test_is_scope_comparison_column_annotated_and_amount_isolation[\u8425\u4e1a\u6536\u5165(\u5143)-False]
1789496493.147799	FINISH	tests/test_financial_period_kind.py::test_is_scope_comparison_column_annotated_and_amount_isolation[\u8425\u4e1a\u6536\u5165(\u5143)-False]
1789496493.147924	START	tests/test_financial_period_kind.py::test_is_scope_comparison_column_annotated_and_amount_isolation[\u51c0\u5229\u6da6-False]
1789496493.148628	FINISH	tests/test_financial_period_kind.py::test_is_scope_comparison_column_annotated_and_amount_isolation[\u51c0\u5229\u6da6-False]
1789496493.148762	START	tests/test_financial_period_kind.py::test_is_scope_comparison_column_annotated_and_amount_isolation[\u6bcf\u80a1\u6536\u76ca-False]
1789496493.149408	FINISH	tests/test_financial_period_kind.py::test_is_scope_comparison_column_annotated_and_amount_isolation[\u6bcf\u80a1\u6536\u76ca-False]
1789496493.149545	START	tests/test_financial_period_kind.py::test_is_scope_comparison_column_annotated_and_amount_isolation[-False]
1789496493.150191	FINISH	tests/test_financial_period_kind.py::test_is_scope_comparison_column_annotated_and_amount_isolation[-False]
1789496493.150318	START	tests/test_financial_period_kind.py::test_is_scope_comparison_column_annotated_and_amount_isolation[None-False]
1789496493.150947	FINISH	tests/test_financial_period_kind.py::test_is_scope_comparison_column_annotated_and_amount_isolation[None-False]
1789496493.151076	START	tests/test_financial_period_kind.py::test_is_scope_comparison_column_annotated_and_amount_isolation[123-False]
1789496493.151789	FINISH	tests/test_financial_period_kind.py::test_is_scope_comparison_column_annotated_and_amount_isolation[123-False]
1789496493.151913	START	tests/test_financial_period_kind.py::test_derive_q2_annotated_scope_columns_mismatch[\u5355\u4f4d\uff1a\u5143-\u5143-\u4e07\u5143]
1789496493.152836	FINISH	tests/test_financial_period_kind.py::test_derive_q2_annotated_scope_columns_mismatch[\u5355\u4f4d\uff1a\u5143-\u5143-\u4e07\u5143]
1789496493.152979	START	tests/test_financial_period_kind.py::test_derive_q2_annotated_scope_columns_mismatch[\u5355\u4f4d:\u5143-\u5143-\u4e07\u5143]
1789496493.153878	FINISH	tests/test_financial_period_kind.py::test_derive_q2_annotated_scope_columns_mismatch[\u5355\u4f4d:\u5143-\u5143-\u4e07\u5143]
1789496493.154016	START	tests/test_financial_period_kind.py::test_derive_q2_annotated_scope_columns_mismatch[\u5355\u4f4d : \u5143-\u5143-\u4e07\u5143]
1789496493.154935	FINISH	tests/test_financial_period_kind.py::test_derive_q2_annotated_scope_columns_mismatch[\u5355\u4f4d : \u5143-\u5143-\u4e07\u5143]
1789496493.155078	START	tests/test_financial_period_kind.py::test_derive_q2_annotated_scope_columns_mismatch[\u5e01\u79cd\uff08CNY\uff09-CNY-USD]
1789496493.156068	FINISH	tests/test_financial_period_kind.py::test_derive_q2_annotated_scope_columns_mismatch[\u5e01\u79cd\uff08CNY\uff09-CNY-USD]
1789496493.156206	START	tests/test_financial_period_kind.py::test_derive_q2_annotated_scope_columns_mismatch[\u5e01\u79cd(CNY)-CNY-USD]
1789496493.157097	FINISH	tests/test_financial_period_kind.py::test_derive_q2_annotated_scope_columns_mismatch[\u5e01\u79cd(CNY)-CNY-USD]
1789496493.157221	START	tests/test_financial_period_kind.py::test_derive_q2_annotated_scope_columns_mismatch[\u5e01\u79cd (CNY)-CNY-USD]
1789496493.158110	FINISH	tests/test_financial_period_kind.py::test_derive_q2_annotated_scope_columns_mismatch[\u5e01\u79cd (CNY)-CNY-USD]
1789496493.158245	START	tests/test_financial_period_kind.py::test_derive_q2_annotated_scope_columns_mismatch[\u62a5\u8868\u5355\u4f4d\uff1a\u5143-\u5143-\u4e07\u5143]
1789496493.159134	FINISH	tests/test_financial_period_kind.py::test_derive_q2_annotated_scope_columns_mismatch[\u62a5\u8868\u5355\u4f4d\uff1a\u5143-\u5143-\u4e07\u5143]
1789496493.159264	START	tests/test_financial_period_kind.py::test_derive_q2_annotated_scope_columns_mismatch[\u62a5\u8868\u5e01\u79cd\uff08CNY\uff09-CNY-USD]
1789496493.160248	FINISH	tests/test_financial_period_kind.py::test_derive_q2_annotated_scope_columns_mismatch[\u62a5\u8868\u5e01\u79cd\uff08CNY\uff09-CNY-USD]
1789496493.160388	START	tests/test_financial_period_kind.py::test_derive_q2_annotated_scope_columns_mismatch[\u4f1a\u8ba1\u53e3\u5f84\uff08\u65b0\u51c6\u5219\uff09-\u65b0\u51c6\u5219-\u65e7\u51c6\u5219]
1789496493.161292	FINISH	tests/test_financial_period_kind.py::test_derive_q2_annotated_scope_columns_mismatch[\u4f1a\u8ba1\u53e3\u5f84\uff08\u65b0\u51c6\u5219\uff09-\u65b0\u51c6\u5219-\u65e7\u51c6\u5219]
1789496493.161425	START	tests/test_financial_period_kind.py::test_derive_q2_annotated_scope_columns_mismatch[\u672c\u671f\u4f1a\u8ba1\u53e3\u5f84:\u65b0\u51c6\u5219-\u65b0\u51c6\u5219-\u65e7\u51c6\u5219]
1789496493.162318	FINISH	tests/test_financial_period_kind.py::test_derive_q2_annotated_scope_columns_mismatch[\u672c\u671f\u4f1a\u8ba1\u53e3\u5f84:\u65b0\u51c6\u5219-\u65b0\u51c6\u5219-\u65e7\u51c6\u5219]
1789496493.162457	START	tests/test_financial_period_kind.py::test_derive_q2_annotated_scope_columns_mismatch[\u5355\u4f4d\uff1a\u5143-\u5143-None]
1789496493.163357	FINISH	tests/test_financial_period_kind.py::test_derive_q2_annotated_scope_columns_mismatch[\u5355\u4f4d\uff1a\u5143-\u5143-None]
1789496493.163486	START	tests/test_financial_period_kind.py::test_derive_q2_annotated_scope_columns_mismatch[\u5e01\u79cd\uff08CNY\uff09-CNY-None]
1789496493.164454	FINISH	tests/test_financial_period_kind.py::test_derive_q2_annotated_scope_columns_mismatch[\u5e01\u79cd\uff08CNY\uff09-CNY-None]
1789496493.164594	START	tests/test_financial_period_kind.py::test_derive_q2_annotated_scope_columns_mismatch[\u5e01\u79cd(CNY)-None-CNY]
1789496493.165484	FINISH	tests/test_financial_period_kind.py::test_derive_q2_annotated_scope_columns_mismatch[\u5e01\u79cd(CNY)-None-CNY]
1789496493.165608	START	tests/test_financial_period_kind.py::test_derive_q2_annotated_scope_columns_consistent_derives_success[\u5355\u4f4d\uff1a\u5143-\u5143-\u5143]
1789496493.166534	FINISH	tests/test_financial_period_kind.py::test_derive_q2_annotated_scope_columns_consistent_derives_success[\u5355\u4f4d\uff1a\u5143-\u5143-\u5143]
1789496493.166677	START	tests/test_financial_period_kind.py::test_derive_q2_annotated_scope_columns_consistent_derives_success[\u5355\u4f4d:\u5143-\u5143-\u5143]
1789496493.167603	FINISH	tests/test_financial_period_kind.py::test_derive_q2_annotated_scope_columns_consistent_derives_success[\u5355\u4f4d:\u5143-\u5143-\u5143]
1789496493.167739	START	tests/test_financial_period_kind.py::test_derive_q2_annotated_scope_columns_consistent_derives_success[\u5e01\u79cd\uff08CNY\uff09-CNY-CNY]
1789496493.168735	FINISH	tests/test_financial_period_kind.py::test_derive_q2_annotated_scope_columns_consistent_derives_success[\u5e01\u79cd\uff08CNY\uff09-CNY-CNY]
1789496493.168861	START	tests/test_financial_period_kind.py::test_derive_q2_annotated_scope_columns_consistent_derives_success[\u5e01\u79cd(CNY)-CNY-CNY]
1789496493.169772	FINISH	tests/test_financial_period_kind.py::test_derive_q2_annotated_scope_columns_consistent_derives_success[\u5e01\u79cd(CNY)-CNY-CNY]
1789496493.169906	START	tests/test_financial_period_kind.py::test_derive_q2_annotated_scope_columns_consistent_derives_success[\u62a5\u8868\u5355\u4f4d\uff1a\u5343\u5143-\u5343\u5143-\u5343\u5143]
1789496493.170813	FINISH	tests/test_financial_period_kind.py::test_derive_q2_annotated_scope_columns_consistent_derives_success[\u62a5\u8868\u5355\u4f4d\uff1a\u5343\u5143-\u5343\u5143-\u5343\u5143]
1789496493.170936	START	tests/test_financial_period_kind.py::test_derive_q2_annotated_scope_columns_consistent_derives_success[\u672c\u671f\u4f1a\u8ba1\u53e3\u5f84:\u65b0\u51c6\u5219-\u65b0\u51c6\u5219-\u65b0\u51c6\u5219]
1789496493.171850	FINISH	tests/test_financial_period_kind.py::test_derive_q2_annotated_scope_columns_consistent_derives_success[\u672c\u671f\u4f1a\u8ba1\u53e3\u5f84:\u65b0\u51c6\u5219-\u65b0\u51c6\u5219-\u65b0\u51c6\u5219]
1789496493.171972	START	tests/test_financial_period_kind.py::test_derive_q2_operating_unit_and_amount_columns_not_treated_as_metadata
1789496493.172885	FINISH	tests/test_financial_period_kind.py::test_derive_q2_operating_unit_and_amount_columns_not_treated_as_metadata
1789496493.173025	START	tests/test_financial_period_kind.py::test_derive_q2_operating_unit_string_column_does_not_block_income_derivation
1789496493.173830	FINISH	tests/test_financial_period_kind.py::test_derive_q2_operating_unit_string_column_does_not_block_income_derivation
1789496493.173961	START	tests/test_financial_period_kind.py::test_derive_q2_identical_duplicates_fold_deterministically_order_invariant
1789496493.175209	FINISH	tests/test_financial_period_kind.py::test_derive_q2_identical_duplicates_fold_deterministically_order_invariant
1789496493.175341	START	tests/test_financial_period_kind.py::test_derive_q2_identical_duplicates_q1_and_h1_order_invariant
1789496493.177457	FINISH	tests/test_financial_period_kind.py::test_derive_q2_identical_duplicates_q1_and_h1_order_invariant
1789496493.177598	START	tests/test_financial_period_kind.py::test_derive_q2_announce_date_semantic_equality_folds
1789496493.178488	FINISH	tests/test_financial_period_kind.py::test_derive_q2_announce_date_semantic_equality_folds
1789496493.178614	START	tests/test_financial_period_kind.py::test_derive_q2_conflicting_h1_values_fail_closed_order_invariant
1789496493.179729	FINISH	tests/test_financial_period_kind.py::test_derive_q2_conflicting_h1_values_fail_closed_order_invariant
1789496493.179870	START	tests/test_financial_period_kind.py::test_derive_q2_conflicting_q1_values_fail_closed_order_invariant
1789496493.180995	FINISH	tests/test_financial_period_kind.py::test_derive_q2_conflicting_q1_values_fail_closed_order_invariant
1789496493.181120	START	tests/test_financial_period_kind.py::test_derive_q2_conflicting_scope_in_duplicate_rows_fails_closed[\u5408\u5e76\u8303\u56f4-\u5408\u5e76\u62a5\u8868-\u6bcd\u516c\u53f8\u62a5\u8868]
1789496493.182539	FINISH	tests/test_financial_period_kind.py::test_derive_q2_conflicting_scope_in_duplicate_rows_fails_closed[\u5408\u5e76\u8303\u56f4-\u5408\u5e76\u62a5\u8868-\u6bcd\u516c\u53f8\u62a5\u8868]
1789496493.182665	START	tests/test_financial_period_kind.py::test_derive_q2_conflicting_scope_in_duplicate_rows_fails_closed[\u5408\u5e76\u8303\u56f4-\u5408\u5e76\u62a5\u8868-None]
1789496493.183998	FINISH	tests/test_financial_period_kind.py::test_derive_q2_conflicting_scope_in_duplicate_rows_fails_closed[\u5408\u5e76\u8303\u56f4-\u5408\u5e76\u62a5\u8868-None]
1789496493.184125	START	tests/test_financial_period_kind.py::test_derive_q2_conflicting_scope_in_duplicate_rows_fails_closed[\u5e01\u79cd-CNY-USD]
1789496493.185436	FINISH	tests/test_financial_period_kind.py::test_derive_q2_conflicting_scope_in_duplicate_rows_fails_closed[\u5e01\u79cd-CNY-USD]
1789496493.185561	START	tests/test_financial_period_kind.py::test_derive_q2_conflicting_scope_in_duplicate_rows_fails_closed[\u5355\u4f4d-\u5143-\u4e07\u5143]
1789496493.186867	FINISH	tests/test_financial_period_kind.py::test_derive_q2_conflicting_scope_in_duplicate_rows_fails_closed[\u5355\u4f4d-\u5143-\u4e07\u5143]
1789496493.186993	START	tests/test_financial_period_kind.py::test_derive_q2_conflicting_scope_in_duplicate_rows_fails_closed[\u4f1a\u8ba1\u53e3\u5f84-\u65b0\u51c6\u5219-\u65e7\u51c6\u5219]
1789496493.188709	FINISH	tests/test_financial_period_kind.py::test_derive_q2_conflicting_scope_in_duplicate_rows_fails_closed[\u4f1a\u8ba1\u53e3\u5f84-\u65b0\u51c6\u5219-\u65e7\u51c6\u5219]
1789496493.188838	START	tests/test_financial_period_kind.py::test_derive_q2_conflicting_scope_in_duplicate_rows_fails_closed[\u5355\u4f4d\uff1a\u5143-\u5143-\u4e07\u5143]
1789496493.190147	FINISH	tests/test_financial_period_kind.py::test_derive_q2_conflicting_scope_in_duplicate_rows_fails_closed[\u5355\u4f4d\uff1a\u5143-\u5143-\u4e07\u5143]
1789496493.190279	START	tests/test_financial_period_kind.py::test_derive_q2_conflicting_scope_in_duplicate_rows_fails_closed[\u5e01\u79cd\uff08CNY\uff09-CNY-USD]
1789496493.191594	FINISH	tests/test_financial_period_kind.py::test_derive_q2_conflicting_scope_in_duplicate_rows_fails_closed[\u5e01\u79cd\uff08CNY\uff09-CNY-USD]
1789496493.191719	START	tests/test_financial_period_kind.py::test_derive_q2_conflicting_announce_dates_fail_closed
1789496493.192815	FINISH	tests/test_financial_period_kind.py::test_derive_q2_conflicting_announce_dates_fail_closed
1789496493.192941	START	tests/test_financial_period_kind.py::test_derive_q2_legal_zero_and_missing_semantics
1789496493.194997	FINISH	tests/test_financial_period_kind.py::test_derive_q2_legal_zero_and_missing_semantics
1789496493.195125	START	tests/test_financial_period_kind.py::test_derive_q2_cashflow_duplicate_conflicts_and_folding
1789496493.196432	FINISH	tests/test_financial_period_kind.py::test_derive_q2_cashflow_duplicate_conflicts_and_folding
1789496493.196575	START	tests/test_financial_period_kind.py::test_format_q2_derivation_block_duplicate_conflict
1789496493.197142	FINISH	tests/test_financial_period_kind.py::test_format_q2_derivation_block_duplicate_conflict
1789496493.197318	START	tests/test_frozen_trade_date_isolation.py::test_frozen_trade_date_fixture_contract
1789496493.199196	FINISH	tests/test_frozen_trade_date_isolation.py::test_frozen_trade_date_fixture_contract
1789496493.199333	START	tests/test_frozen_trade_date_isolation.py::test_isolation_across_simulated_natural_days[saturday]
1789496493.202659	FINISH	tests/test_frozen_trade_date_isolation.py::test_isolation_across_simulated_natural_days[saturday]
1789496493.202812	START	tests/test_frozen_trade_date_isolation.py::test_isolation_across_simulated_natural_days[sunday]
1789496493.206420	FINISH	tests/test_frozen_trade_date_isolation.py::test_isolation_across_simulated_natural_days[sunday]
1789496493.206577	START	tests/test_frozen_trade_date_isolation.py::test_isolation_across_simulated_natural_days[national_holiday]
1789496493.209639	FINISH	tests/test_frozen_trade_date_isolation.py::test_isolation_across_simulated_natural_days[national_holiday]
1789496493.209774	START	tests/test_frozen_trade_date_isolation.py::test_isolation_across_simulated_natural_days[intraday_session]
1789496493.213319	FINISH	tests/test_frozen_trade_date_isolation.py::test_isolation_across_simulated_natural_days[intraday_session]
1789496493.213481	START	tests/test_fund_flow_dispute_tie.py::test_is_conflicting_fund_flow_dispute_detects_in_out_and_absorption
1789496493.214051	FINISH	tests/test_fund_flow_dispute_tie.py::test_is_conflicting_fund_flow_dispute_detects_in_out_and_absorption
1789496493.214175	START	tests/test_fund_flow_dispute_tie.py::test_conflicting_fund_flow_dispute_forced_to_tie
1789496493.214928	FINISH	tests/test_fund_flow_dispute_tie.py::test_conflicting_fund_flow_dispute_forced_to_tie
1789496493.215062	START	tests/test_fund_flow_dispute_tie.py::test_conflicting_fund_flow_low_position_tie_passes_consistency
1789496493.215891	FINISH	tests/test_fund_flow_dispute_tie.py::test_conflicting_fund_flow_low_position_tie_passes_consistency
1789496493.216021	START	tests/test_fund_flow_dispute_tie.py::test_conflicting_fund_flow_high_position_tie_blocks_trader
1789496493.216744	FINISH	tests/test_fund_flow_dispute_tie.py::test_conflicting_fund_flow_high_position_tie_blocks_trader
1789496493.216906	START	tests/test_fund_flow_evidence.py::test_sina_evidence_preserves_semantics_sign_and_exact_yi_conversion
1789496493.217498	FINISH	tests/test_fund_flow_evidence.py::test_sina_evidence_preserves_semantics_sign_and_exact_yi_conversion
1789496493.217634	START	tests/test_fund_flow_evidence.py::test_002167_five_day_sum_does_not_round_or_shift_decimal
1789496493.218333	FINISH	tests/test_fund_flow_evidence.py::test_002167_five_day_sum_does_not_round_or_shift_decimal
1789496493.218470	START	tests/test_fund_flow_evidence.py::test_model_summary_mismatch_is_explicit
1789496493.219392	FINISH	tests/test_fund_flow_evidence.py::test_model_summary_mismatch_is_explicit
1789496493.219541	START	tests/test_fund_flow_evidence.py::test_model_total_parser_keeps_field_semantics_separate
1789496493.220124	FINISH	tests/test_fund_flow_evidence.py::test_model_total_parser_keeps_field_semantics_separate
1789496493.220247	START	tests/test_fund_flow_evidence.py::test_single_eastmoney_source_is_selected_without_consensus_gate
1789496493.220859	FINISH	tests/test_fund_flow_evidence.py::test_single_eastmoney_source_is_selected_without_consensus_gate
1789496493.220992	START	tests/test_fund_flow_evidence.py::test_invalid_eastmoney_then_ths_source_is_selected
1789496493.221646	FINISH	tests/test_fund_flow_evidence.py::test_invalid_eastmoney_then_ths_source_is_selected
1789496493.221780	START	tests/test_fund_flow_evidence.py::test_tushare_date_mismatch_is_skipped_before_lower_priority_source
1789496493.222510	FINISH	tests/test_fund_flow_evidence.py::test_tushare_date_mismatch_is_skipped_before_lower_priority_source
1789496493.222655	START	tests/test_fund_flow_evidence.py::test_conflicting_ths_side_value_never_overrides_eastmoney_priority
1789496493.223310	FINISH	tests/test_fund_flow_evidence.py::test_conflicting_ths_side_value_never_overrides_eastmoney_priority
1789496493.223454	START	tests/test_fund_flow_evidence.py::test_incomparable_fields_em_r0_net_and_ths_netamount_both_valid_allows_r0_direction
1789496493.224123	FINISH	tests/test_fund_flow_evidence.py::test_incomparable_fields_em_r0_net_and_ths_netamount_both_valid_allows_r0_direction
1789496493.224246	START	tests/test_fund_flow_evidence.py::test_single_valid_field_multiple_sources_same_field_allows_direction
1789496493.224895	FINISH	tests/test_fund_flow_evidence.py::test_single_valid_field_multiple_sources_same_field_allows_direction
1789496493.225024	START	tests/test_fund_flow_evidence.py::test_em_invalid_ths_netamount_valid_allows_direction
1789496493.225758	FINISH	tests/test_fund_flow_evidence.py::test_em_invalid_ths_netamount_valid_allows_direction
1789496493.225897	START	tests/test_fund_flow_evidence.py::test_legacy_is_allowed_only_as_explicit_fallback
1789496493.226535	FINISH	tests/test_fund_flow_evidence.py::test_legacy_is_allowed_only_as_explicit_fallback
1789496493.226669	START	tests/test_fund_flow_evidence.py::test_all_invalid_sources_are_blocked_with_rejection_chain
1789496493.227292	FINISH	tests/test_fund_flow_evidence.py::test_all_invalid_sources_are_blocked_with_rejection_chain
1789496493.227423	START	tests/test_fund_flow_evidence.py::test_selected_field_validation_does_not_require_missing_complementary_field
1789496493.228052	FINISH	tests/test_fund_flow_evidence.py::test_selected_field_validation_does_not_require_missing_complementary_field
1789496493.228184	START	tests/test_fund_flow_evidence.py::test_validation_uses_selected_source_only_when_side_evidence_is_present
1789496493.228900	FINISH	tests/test_fund_flow_evidence.py::test_validation_uses_selected_source_only_when_side_evidence_is_present
1789496493.229023	START	tests/test_fund_flow_evidence.py::test_missing_measurement_date_is_not_fabricated_from_as_of
1789496493.229597	FINISH	tests/test_fund_flow_evidence.py::test_missing_measurement_date_is_not_fabricated_from_as_of
1789496493.229734	START	tests/test_fund_flow_evidence.py::test_extreme_finite_decimal_is_rejected_and_does_not_abort_selection
1789496493.230386	FINISH	tests/test_fund_flow_evidence.py::test_extreme_finite_decimal_is_rejected_and_does_not_abort_selection
1789496493.230523	START	tests/test_fund_flow_evidence.py::test_component_only_field_cannot_authorize_direction
1789496493.231118	FINISH	tests/test_fund_flow_evidence.py::test_component_only_field_cannot_authorize_direction
1789496493.231253	START	tests/test_fund_flow_evidence.py::test_model_parser_does_not_duplicate_main_force_net_as_total_net
1789496493.231909	FINISH	tests/test_fund_flow_evidence.py::test_model_parser_does_not_duplicate_main_force_net_as_total_net
1789496493.232046	START	tests/test_fund_flow_evidence.py::test_five_eastmoney_daily_records_selects_target_day_1d_value_and_direction
1789496493.232776	FINISH	tests/test_fund_flow_evidence.py::test_five_eastmoney_daily_records_selects_target_day_1d_value_and_direction
1789496493.232900	START	tests/test_fund_flow_evidence.py::test_independent_five_day_summary_is_separate_and_does_not_pollute_1d_selection
1789496493.233616	FINISH	tests/test_fund_flow_evidence.py::test_independent_five_day_summary_is_separate_and_does_not_pollute_1d_selection
1789496493.233754	START	tests/test_fund_flow_evidence.py::test_single_tushare_dc_source_allows_direction_despite_insufficient_sources_consensus_audit
1789496493.234385	FINISH	tests/test_fund_flow_evidence.py::test_single_tushare_dc_source_allows_direction_despite_insufficient_sources_consensus_audit
1789496493.234520	START	tests/test_fund_flow_evidence.py::test_dc_r0_net_and_ths_netamount_opposite_directions_selects_dc_without_cross_field_conflict
1789496493.235263	FINISH	tests/test_fund_flow_evidence.py::test_dc_r0_net_and_ths_netamount_opposite_directions_selects_dc_without_cross_field_conflict
1789496493.235397	START	tests/test_fund_flow_evidence.py::test_ths_netamount_only_allows_total_fund_flow_direction_summary
1789496493.236088	FINISH	tests/test_fund_flow_evidence.py::test_ths_netamount_only_allows_total_fund_flow_direction_summary
1789496493.236234	START	tests/test_fund_flow_evidence.py::test_model_text_mistaking_five_day_sum_as_daily_value_is_blocked_by_validation
1789496493.237010	FINISH	tests/test_fund_flow_evidence.py::test_model_text_mistaking_five_day_sum_as_daily_value_is_blocked_by_validation
1789496493.237148	START	tests/test_fund_flow_evidence.py::test_model_parser_does_not_extract_netamount_from_main_force_clauses
1789496493.237768	FINISH	tests/test_fund_flow_evidence.py::test_model_parser_does_not_extract_netamount_from_main_force_clauses
1789496493.237893	START	tests/test_fund_flow_evidence.py::test_validate_model_summary_single_source_r0_net_with_model_text_is_matched
1789496493.238640	FINISH	tests/test_fund_flow_evidence.py::test_validate_model_summary_single_source_r0_net_with_model_text_is_matched
1789496493.238780	START	tests/test_fund_flow_evidence.py::test_validate_model_summary_does_not_block_when_extra_netamount_is_unverifiable
1789496493.239451	FINISH	tests/test_fund_flow_evidence.py::test_validate_model_summary_does_not_block_when_extra_netamount_is_unverifiable
1789496493.239592	START	tests/test_fund_flow_evidence.py::test_model_total_net_does_not_impersonate_main_force_and_does_not_block_selected_r0_net
1789496493.240248	FINISH	tests/test_fund_flow_evidence.py::test_model_total_net_does_not_impersonate_main_force_and_does_not_block_selected_r0_net
1789496493.240392	START	tests/test_fund_flow_evidence.py::test_model_r0_net_diff_exceeding_tolerance_is_mismatched
1789496493.241057	FINISH	tests/test_fund_flow_evidence.py::test_model_r0_net_diff_exceeding_tolerance_is_mismatched
1789496493.241210	START	tests/test_fund_flow_lg_credibility.py::test_ths_buy_lg_amount_produces_r0_net_evidence_alongside_dc
1789496493.242494	FINISH	tests/test_fund_flow_lg_credibility.py::test_ths_buy_lg_amount_produces_r0_net_evidence_alongside_dc
1789496493.242634	START	tests/test_fund_flow_lg_credibility.py::test_dc_r0_net_and_ths_netamount_coexist_allows_direction_no_incomparable_block
1789496493.243313	FINISH	tests/test_fund_flow_lg_credibility.py::test_dc_r0_net_and_ths_netamount_coexist_allows_direction_no_incomparable_block
1789496493.243456	START	tests/test_fund_flow_lg_credibility.py::test_large_order_credibility_concordant_higher_than_single_source
1789496493.244043	FINISH	tests/test_fund_flow_lg_credibility.py::test_large_order_credibility_concordant_higher_than_single_source
1789496493.244170	START	tests/test_fund_flow_lg_credibility.py::test_large_order_credibility_divergent_lower_with_divergence_details
1789496493.244823	FINISH	tests/test_fund_flow_lg_credibility.py::test_large_order_credibility_divergent_lower_with_divergence_details
1789496493.244971	START	tests/test_fund_flow_lg_credibility.py::test_smart_money_dual_source_lg_reference_report_retained_not_empty_shell
1789496493.247347	FINISH	tests/test_fund_flow_lg_credibility.py::test_smart_money_dual_source_lg_reference_report_retained_not_empty_shell
1789496493.247501	START	tests/test_fund_flow_lg_credibility.py::test_smart_money_netamount_only_still_blocks_main_force_accumulation_claims
1789496493.249262	FINISH	tests/test_fund_flow_lg_credibility.py::test_smart_money_netamount_only_still_blocks_main_force_accumulation_claims
1789496493.249436	START	tests/test_fund_flow_scale_collector.py::TestFundFlowScaleCollectorNormalCircMv::test_normal_circ_mv_ratio_calculated_and_hung
1789496493.292528	FINISH	tests/test_fund_flow_scale_collector.py::TestFundFlowScaleCollectorNormalCircMv::test_normal_circ_mv_ratio_calculated_and_hung
1789496493.292787	START	tests/test_fund_flow_scale_collector.py::TestFundFlowScaleCollectorAmountUnitContract::test_amount_without_unit_omits_turnover_ratio_and_records_gap
1789496493.327320	FINISH	tests/test_fund_flow_scale_collector.py::TestFundFlowScaleCollectorAmountUnitContract::test_amount_without_unit_omits_turnover_ratio_and_records_gap
1789496493.327571	START	tests/test_fund_flow_scale_collector.py::TestFundFlowScaleCollectorAmountUnitContract::test_amount_with_explicit_unit_calculates_both_ratios
1789496493.361678	FINISH	tests/test_fund_flow_scale_collector.py::TestFundFlowScaleCollectorAmountUnitContract::test_amount_with_explicit_unit_calculates_both_ratios
1789496493.361915	START	tests/test_fund_flow_scale_collector.py::TestFundFlowScaleCollectorDailyBasicFailures::test_daily_basic_token_missing_explicit_gap_not_zero_ratio
1789496493.395396	FINISH	tests/test_fund_flow_scale_collector.py::TestFundFlowScaleCollectorDailyBasicFailures::test_daily_basic_token_missing_explicit_gap_not_zero_ratio
1789496493.395648	START	tests/test_fund_flow_scale_collector.py::TestFundFlowScaleCollectorDailyBasicFailures::test_daily_basic_permission_denied_explicit_gap
1789496493.539247	FINISH	tests/test_fund_flow_scale_collector.py::TestFundFlowScaleCollectorDailyBasicFailures::test_daily_basic_permission_denied_explicit_gap
1789496493.539579	START	tests/test_fund_flow_scale_collector.py::TestFundFlowScaleCollectorDailyBasicFailures::test_daily_basic_provider_unavailable_in_registry
1789496493.585223	FINISH	tests/test_fund_flow_scale_collector.py::TestFundFlowScaleCollectorDailyBasicFailures::test_daily_basic_provider_unavailable_in_registry
1789496493.585521	START	tests/test_fund_flow_scale_collector.py::TestFundFlowScaleCollectorDailyBasicFailures::test_daily_basic_exception_gracefully_handled
1789496493.620215	FINISH	tests/test_fund_flow_scale_collector.py::TestFundFlowScaleCollectorDailyBasicFailures::test_daily_basic_exception_gracefully_handled
1789496493.620480	START	tests/test_fund_flow_scale_collector.py::TestFundFlowScaleCollectorZeroNetAmount::test_net_amount_zero_int_computes_zero_ratio
1789496493.653978	FINISH	tests/test_fund_flow_scale_collector.py::TestFundFlowScaleCollectorZeroNetAmount::test_net_amount_zero_int_computes_zero_ratio
1789496493.654239	START	tests/test_fund_flow_scale_collector.py::TestFundFlowScaleCollectorZeroNetAmount::test_net_amount_decimal_zero_computes_zero_ratio
1789496493.687734	FINISH	tests/test_fund_flow_scale_collector.py::TestFundFlowScaleCollectorZeroNetAmount::test_net_amount_decimal_zero_computes_zero_ratio
1789496493.688032	START	tests/test_fund_flow_scale_collector.py::TestFundFlowScaleCollectorZeroNetAmount::test_net_amount_missing_records_gap
1789496493.869394	FINISH	tests/test_fund_flow_scale_collector.py::TestFundFlowScaleCollectorZeroNetAmount::test_net_amount_missing_records_gap
1789496493.869758	START	tests/test_fund_flow_scale_collector.py::TestFundFlowScaleCollectorCrossDateAndSecurity::test_cross_trade_date_rejected_by_pure_function
1789496493.904872	FINISH	tests/test_fund_flow_scale_collector.py::TestFundFlowScaleCollectorCrossDateAndSecurity::test_cross_trade_date_rejected_by_pure_function
1789496493.905163	START	tests/test_fund_flow_scale_collector.py::TestFundFlowScaleCollectorCrossDateAndSecurity::test_cross_security_rejected_by_pure_function
1789496493.938118	FINISH	tests/test_fund_flow_scale_collector.py::TestFundFlowScaleCollectorCrossDateAndSecurity::test_cross_security_rejected_by_pure_function
1789496493.938397	START	tests/test_fund_flow_scale_collector.py::TestFundFlowScaleCollectorDenominatorSanity::test_zero_circ_mv_rejected
1789496493.971528	FINISH	tests/test_fund_flow_scale_collector.py::TestFundFlowScaleCollectorDenominatorSanity::test_zero_circ_mv_rejected
1789496493.971779	START	tests/test_fund_flow_scale_collector.py::TestFundFlowScaleCollectorDenominatorSanity::test_negative_circ_mv_rejected
1789496494.004599	FINISH	tests/test_fund_flow_scale_collector.py::TestFundFlowScaleCollectorDenominatorSanity::test_negative_circ_mv_rejected
1789496494.004859	START	tests/test_fund_flow_scale_collector.py::TestFundFlowScaleCollectorNeutralityAndIntegration::test_neutrality_no_strength_ranking_in_output
1789496494.191713	FINISH	tests/test_fund_flow_scale_collector.py::TestFundFlowScaleCollectorNeutralityAndIntegration::test_neutrality_no_strength_ranking_in_output
1789496494.192055	START	tests/test_fund_flow_scale_collector.py::TestFundFlowScaleCollectorNeutralityAndIntegration::test_data_collector_class_collect_integration
1789496494.237139	FINISH	tests/test_fund_flow_scale_collector.py::TestFundFlowScaleCollectorNeutralityAndIntegration::test_data_collector_class_collect_integration
1789496494.237411	START	tests/test_fund_flow_scale_collector.py::TestFundFlowScaleCollectorJsonSerialization::test_normal_collector_output_json_serializable_and_sqlite_bindable
1789496494.272227	FINISH	tests/test_fund_flow_scale_collector.py::TestFundFlowScaleCollectorJsonSerialization::test_normal_collector_output_json_serializable_and_sqlite_bindable
1789496494.272522	START	tests/test_fund_flow_scale_collector.py::TestFundFlowScaleCollectorJsonSerialization::test_zero_net_amount_json_serializable_and_sqlite_bindable
1789496494.306574	FINISH	tests/test_fund_flow_scale_collector.py::TestFundFlowScaleCollectorJsonSerialization::test_zero_net_amount_json_serializable_and_sqlite_bindable
1789496494.306849	START	tests/test_fund_flow_scale_collector.py::TestFundFlowScaleCollectorJsonSerialization::test_missing_denominator_json_serializable_and_sqlite_bindable
1789496494.340267	FINISH	tests/test_fund_flow_scale_collector.py::TestFundFlowScaleCollectorJsonSerialization::test_missing_denominator_json_serializable_and_sqlite_bindable
1789496494.340541	START	tests/test_fund_flow_scale_collector.py::TestFundFlowScaleCollectorJsonSerialization::test_missing_amount_unit_json_serializable_and_sqlite_bindable
1789496494.529706	FINISH	tests/test_fund_flow_scale_collector.py::TestFundFlowScaleCollectorJsonSerialization::test_missing_amount_unit_json_serializable_and_sqlite_bindable
1789496494.530060	START	tests/test_fund_flow_scale_collector.py::TestFundFlowScaleCollectorJsonSerialization::test_default_market_data_context_json_serializable
1789496494.531277	FINISH	tests/test_fund_flow_scale_collector.py::TestFundFlowScaleCollectorJsonSerialization::test_default_market_data_context_json_serializable
1789496494.531455	START	tests/test_fund_flow_scale_collector.py::TestFundFlowScaleCollectorJsonSerialization::test_unknown_type_raises_type_error_no_default_str_masking
1789496494.532427	FINISH	tests/test_fund_flow_scale_collector.py::TestFundFlowScaleCollectorJsonSerialization::test_unknown_type_raises_type_error_no_default_str_masking
1789496494.532619	START	tests/test_fund_flow_scale_consumption.py::TestFundFlowScalePersistenceAndReadback::test_single_horizon_report_persists_and_reads_all_scale_fields
